EngDispl,NumCyl,Transmission,FE,AirAspirationMethod,NumGears,TransLockup,TransCreeperGear,DriveDesc,IntakeValvePerCyl,ExhaustValvesPerCyl,CarlineClassDesc,VarValveTiming,VarValveLift
4.7,8,AM6,28.0198,NaturallyAspirated,6,1,0,TwoWheelDriveRear,2,2,2Seaters,1,0
4.7,8,M6,25.6094,NaturallyAspirated,6,1,0,TwoWheelDriveRear,2,2,2Seaters,1,0
4.2,8,M6,26.8,NaturallyAspirated,6,1,0,AllWheelDrive,2,2,2Seaters,1,0
4.2,8,AM6,25.0451,NaturallyAspirated,6,1,0,AllWheelDrive,2,2,2Seaters,1,0
5.2,10,AM6,24.8,NaturallyAspirated,6,0,0,AllWheelDrive,2,2,2Seaters,1,0
5.2,10,M6,23.9,NaturallyAspirated,6,0,0,AllWheelDrive,2,2,2Seaters,1,0
2.0,4,S6,39.7256,Turbocharged,6,0,0,AllWheelDrive,2,2,2Seaters,1,0
6.0,12,S6,24.4,Turbocharged,6,0,0,AllWheelDrive,2,2,2Seaters,1,0
3.0,6,S6,39.7103,NaturallyAspirated,6,1,0,TwoWheelDriveRear,2,2,2Seaters,1,1
3.0,6,M6,38.7896,NaturallyAspirated,6,0,0,TwoWheelDriveRear,2,2,2Seaters,1,1
3.0,6,S7,33.6296,Turbocharged,7,1,0,TwoWheelDriveRear,2,2,2Seaters,1,0
3.0,6,M6,35.2678,Turbocharged,6,0,0,TwoWheelDriveRear,2,2,2Seaters,1,0
8.0,16,S7,17.8,Turbocharged,7,0,0,AllWheelDrive,2,2,2Seaters,1,0
6.2,8,M6,27.1,Supercharged,6,0,0,TwoWheelDriveRear,1,1,2Seaters,0,0
6.2,8,S6,34.3493,NaturallyAspirated,6,1,0,TwoWheelDriveRear,1,1,2Seaters,0,0
6.2,8,M6,35.8,NaturallyAspirated,6,0,0,TwoWheelDriveRear,1,1,2Seaters,0,0
7.0,8,M6,33.7,NaturallyAspirated,6,0,0,TwoWheelDriveRear,1,1,2Seaters,0,0
8.4,10,M6,30.0,NaturallyAspirated,6,0,0,TwoWheelDriveRear,1,1,2Seaters,1,0
8.4,10,M6,30.0,NaturallyAspirated,6,0,0,TwoWheelDriveRear,1,1,2Seaters,1,0
4.5,8,AM7,24.3499,NaturallyAspirated,7,0,0,TwoWheelDriveRear,2,2,2Seaters,1,0
5.7,12,AM6,20.99,NaturallyAspirated,6,0,0,TwoWheelDriveRear,2,2,2Seaters,1,0
5.7,12,M6,21.1,NaturallyAspirated,6,0,0,TwoWheelDriveRear,2,2,2Seaters,1,0
5.2,10,AM6,25.4,NaturallyAspirated,6,1,0,AllWheelDrive,2,2,2Seaters,1,0
5.2,10,M6,24.0,NaturallyAspirated,6,0,0,AllWheelDrive,2,2,2Seaters,1,0
5.2,10,AM6,25.4,NaturallyAspirated,6,0,0,AllWheelDrive,2,2,2Seaters,1,0
5.2,10,M6,22.6,NaturallyAspirated,6,0,0,AllWheelDrive,2,2,2Seaters,1,0
6.5,12,Other,17.5,NaturallyAspirated,7,0,0,AllWheelDrive,2,2,2Seaters,1,0
6.5,12,AM7,19.9,NaturallyAspirated,7,0,0,AllWheelDrive,2,2,2Seaters,1,0
6.5,12,AM7,19.9,NaturallyAspirated,7,0,0,AllWheelDrive,2,2,2Seaters,1,0
6.5,12,Other,17.5,NaturallyAspirated,7,0,0,AllWheelDrive,2,2,2Seaters,1,0
6.5,12,AM7,19.9,NaturallyAspirated,7,0,0,AllWheelDrive,2,2,2Seaters,1,0
1.8,4,M6,37.62,NaturallyAspirated,6,0,0,TwoWheelDriveRear,2,2,2Seaters,1,1
1.8,4,M6,37.0028,Supercharged,6,0,0,TwoWheelDriveRear,2,2,2Seaters,1,1
2.0,4,M5,38.9959,NaturallyAspirated,5,0,0,TwoWheelDriveRear,2,2,2Seaters,1,0
2.0,4,M6,39.0,NaturallyAspirated,6,0,0,TwoWheelDriveRear,2,2,2Seaters,1,0
2.0,4,S6,38.512,NaturallyAspirated,6,1,0,TwoWheelDriveRear,2,2,2Seaters,1,0
5.5,8,A7,29.3,NaturallyAspirated,7,1,0,TwoWheelDriveRear,2,2,2Seaters,1,0
3.0,6,M6,35.9,NaturallyAspirated,6,0,0,TwoWheelDriveRear,2,2,2Seaters,1,0
3.5,6,A7,36.2,NaturallyAspirated,7,1,0,TwoWheelDriveRear,2,2,2Seaters,1,0
3.5,6,A7,34.5,NaturallyAspirated,7,1,0,TwoWheelDriveRear,2,2,2Seaters,1,0
3.5,6,M6,34.7927,NaturallyAspirated,6,0,0,TwoWheelDriveRear,2,2,2Seaters,1,0
5.5,8,A7,30.8,NaturallyAspirated,7,1,0,TwoWheelDriveRear,2,1,2Seaters,1,0
1.0,3,Other,57.8,NaturallyAspirated,5,1,0,TwoWheelDriveRear,2,2,2Seaters,1,0
1.0,3,Other,57.8,NaturallyAspirated,5,1,0,TwoWheelDriveRear,2,2,2Seaters,1,0
3.7,6,M6,35.9802,NaturallyAspirated,6,1,0,TwoWheelDriveRear,2,2,2Seaters,1,1
3.7,6,S7,36.9,NaturallyAspirated,7,1,0,TwoWheelDriveRear,2,2,2Seaters,1,1
3.7,6,S7,34.5832,NaturallyAspirated,7,1,0,TwoWheelDriveRear,2,2,2Seaters,1,1
3.7,6,M6,34.9,NaturallyAspirated,6,0,0,TwoWheelDriveRear,2,2,2Seaters,1,1
2.0,4,A5,37.5,Turbocharged,5,1,0,TwoWheelDriveRear,2,2,2Seaters,1,0
2.0,4,M5,40.0,Turbocharged,5,0,0,TwoWheelDriveRear,2,2,2Seaters,1,0
2.4,4,A5,33.6,NaturallyAspirated,5,1,0,TwoWheelDriveRear,2,2,2Seaters,1,0
2.4,4,M5,36.4,NaturallyAspirated,5,0,0,TwoWheelDriveRear,2,2,2Seaters,1,0
3.8,6,M6,28.5532,NaturallyAspirated,6,0,0,TwoWheelDriveRear,2,2,2Seaters,1,1
3.8,6,M6,27.372,NaturallyAspirated,6,0,0,TwoWheelDriveRear,2,2,2Seaters,1,1
2.9,6,M6,37.3296,NaturallyAspirated,6,0,0,TwoWheelDriveRear,2,2,2Seaters,1,1
2.9,6,A7,41.3608,NaturallyAspirated,7,0,0,TwoWheelDriveRear,2,2,2Seaters,1,1
3.4,6,M6,36.7299,NaturallyAspirated,6,0,0,TwoWheelDriveRear,2,2,2Seaters,1,1
3.4,6,A7,40.9978,NaturallyAspirated,7,0,0,TwoWheelDriveRear,2,2,2Seaters,1,1
2.9,6,M6,37.3296,NaturallyAspirated,6,0,0,TwoWheelDriveRear,2,2,2Seaters,1,1
2.9,6,A7,41.3608,NaturallyAspirated,7,0,0,TwoWheelDriveRear,2,2,2Seaters,1,1
3.4,6,M6,36.7299,NaturallyAspirated,6,0,0,TwoWheelDriveRear,2,2,2Seaters,1,1
3.4,6,A7,40.9978,NaturallyAspirated,7,0,0,TwoWheelDriveRear,2,2,2Seaters,1,1
2.0,4,A5,37.5,Turbocharged,5,1,0,TwoWheelDriveRear,2,2,2Seaters,1,0
2.0,4,M5,40.0,Turbocharged,5,0,0,TwoWheelDriveRear,2,2,2Seaters,1,0
2.4,4,M5,36.4,NaturallyAspirated,5,0,0,TwoWheelDriveRear,2,2,2Seaters,1,0
2.4,4,A5,33.6,NaturallyAspirated,5,1,0,TwoWheelDriveRear,2,2,2Seaters,1,0
4.2,8,A6,27.471,NaturallyAspirated,6,1,0,TwoWheelDriveRear,3,2,2Seaters,1,0
5.9,12,M6,23.6523,NaturallyAspirated,6,1,0,TwoWheelDriveRear,2,2,MinicompactCars,0,0
5.9,12,S6,27.2408,NaturallyAspirated,6,1,0,TwoWheelDriveRear,2,2,MinicompactCars,0,0
5.9,12,M6,22.9258,NaturallyAspirated,6,1,0,TwoWheelDriveRear,2,2,MinicompactCars,0,0
5.9,12,S6,24.6983,NaturallyAspirated,6,1,0,TwoWheelDriveRear,2,2,MinicompactCars,0,0
4.3,8,AM7,26.1157,NaturallyAspirated,7,0,0,TwoWheelDriveRear,2,2,MinicompactCars,1,0
5.0,8,S6,32.8808,NaturallyAspirated,6,1,0,TwoWheelDriveRear,2,2,MinicompactCars,1,1
5.0,8,S6,30.3378,Supercharged,6,1,0,TwoWheelDriveRear,2,2,MinicompactCars,1,0
5.0,8,S6,30.8027,NaturallyAspirated,6,1,0,TwoWheelDriveRear,2,2,MinicompactCars,1,1
4.3,8,S6,31.6,NaturallyAspirated,6,1,0,TwoWheelDriveRear,2,2,MinicompactCars,1,0
3.5,6,M6,35.5,NaturallyAspirated,6,0,0,TwoWheelDriveRear,2,2,MinicompactCars,1,0
1.6,4,M6,51.6555,NaturallyAspirated,6,0,0,TwoWheelDriveFront,2,2,MinicompactCars,1,1
1.6,4,S6,47.2025,NaturallyAspirated,6,1,0,TwoWheelDriveFront,2,2,MinicompactCars,1,1
1.6,4,M6,52.0,NaturallyAspirated,6,0,0,TwoWheelDriveFront,2,2,MinicompactCars,1,1
1.6,4,S6,47.2025,NaturallyAspirated,6,1,0,TwoWheelDriveFront,2,2,MinicompactCars,1,1
1.6,4,S6,44.5714,Turbocharged,6,1,0,TwoWheelDriveFront,2,2,MinicompactCars,1,0
1.6,4,M6,47.7592,Turbocharged,6,0,0,TwoWheelDriveFront,2,2,MinicompactCars,1,0
1.6,4,S6,44.5714,Turbocharged,6,1,0,TwoWheelDriveFront,2,2,MinicompactCars,1,0
1.6,4,M6,47.7592,Turbocharged,6,0,0,TwoWheelDriveFront,2,2,MinicompactCars,1,0
1.6,4,M6,46.5047,Turbocharged,6,0,0,TwoWheelDriveFront,2,2,MinicompactCars,1,1
1.6,4,M6,46.5047,Turbocharged,6,0,0,TwoWheelDriveFront,2,2,MinicompactCars,1,1
2.4,4,S4,36.2628,NaturallyAspirated,4,1,0,TwoWheelDriveFront,2,2,MinicompactCars,0,1
3.8,6,S5,33.2,NaturallyAspirated,5,1,0,TwoWheelDriveFront,2,2,MinicompactCars,0,1
3.6,6,M6,35.2427,NaturallyAspirated,6,0,0,TwoWheelDriveRear,2,2,MinicompactCars,1,1
3.6,6,A7,37.6908,NaturallyAspirated,7,0,0,TwoWheelDriveRear,2,2,MinicompactCars,1,1
3.6,6,M6,34.8754,NaturallyAspirated,6,0,0,FourWheelDrive,2,2,MinicompactCars,1,1
3.6,6,A7,36.7563,NaturallyAspirated,7,0,0,FourWheelDrive,2,2,MinicompactCars,1,1
3.6,6,M6,34.8754,NaturallyAspirated,6,0,0,FourWheelDrive,2,2,MinicompactCars,1,1
3.6,6,A7,36.4395,NaturallyAspirated,7,0,0,FourWheelDrive,2,2,MinicompactCars,1,1
3.6,6,M6,34.8754,NaturallyAspirated,6,0,0,FourWheelDrive,2,2,MinicompactCars,1,1
3.6,6,A7,36.4395,NaturallyAspirated,7,0,0,FourWheelDrive,2,2,MinicompactCars,1,1
3.8,6,M6,34.5148,NaturallyAspirated,6,0,0,FourWheelDrive,2,2,MinicompactCars,1,1
3.8,6,A7,36.013000000000005,NaturallyAspirated,7,0,0,FourWheelDrive,2,2,MinicompactCars,1,1
3.8,6,M6,34.5148,NaturallyAspirated,6,0,0,FourWheelDrive,2,2,MinicompactCars,1,1
3.8,6,A7,37.0769,NaturallyAspirated,7,0,0,FourWheelDrive,2,2,MinicompactCars,1,1
3.8,6,M6,34.5148,NaturallyAspirated,6,0,0,FourWheelDrive,2,2,MinicompactCars,1,1
3.8,6,A7,37.0769,NaturallyAspirated,7,0,0,FourWheelDrive,2,2,MinicompactCars,1,1
3.6,6,M6,35.2427,NaturallyAspirated,6,0,0,TwoWheelDriveRear,2,2,MinicompactCars,1,1
3.6,6,A7,37.6908,NaturallyAspirated,7,0,0,TwoWheelDriveRear,2,2,MinicompactCars,1,1
3.8,6,M6,35.3594,NaturallyAspirated,6,0,0,TwoWheelDriveRear,2,2,MinicompactCars,1,1
3.8,6,A7,36.9347,NaturallyAspirated,7,0,0,TwoWheelDriveRear,2,2,MinicompactCars,1,1
3.8,6,A7,36.9347,NaturallyAspirated,7,0,0,TwoWheelDriveRear,2,2,MinicompactCars,1,1
3.8,6,M6,35.3594,NaturallyAspirated,6,0,0,TwoWheelDriveRear,2,2,MinicompactCars,1,1
3.8,6,A7,33.8482,Turbocharged,7,1,0,TwoWheelDriveRear,2,2,MinicompactCars,1,1
3.8,6,M6,33.1649,Turbocharged,6,0,0,TwoWheelDriveRear,2,2,MinicompactCars,1,1
3.8,6,A7,34.255,Turbocharged,7,1,0,TwoWheelDriveRear,2,2,MinicompactCars,1,1
3.8,6,M6,33.2357,Turbocharged,6,0,0,TwoWheelDriveRear,2,2,MinicompactCars,1,1
3.8,6,A7,33.8482,Turbocharged,7,1,0,TwoWheelDriveRear,2,2,MinicompactCars,1,1
3.8,6,A7,34.255,Turbocharged,7,1,0,TwoWheelDriveRear,2,2,MinicompactCars,1,1
2.5,5,S6,39.7267,NaturallyAspirated,6,0,0,TwoWheelDriveFront,2,2,MinicompactCars,1,0
5.9,12,S6,26.6208,NaturallyAspirated,6,1,0,TwoWheelDriveRear,2,2,SubcompactCars,0,0
2.0,4,AV,42.7743,Turbocharged,1,0,0,TwoWheelDriveFront,2,2,SubcompactCars,1,1
2.0,4,S6,37.0,Turbocharged,6,1,0,AllWheelDrive,2,2,SubcompactCars,1,1
2.0,4,S6,37.7989,Turbocharged,6,1,0,AllWheelDrive,2,2,SubcompactCars,1,1
2.0,4,M6,42.575,Turbocharged,6,1,0,AllWheelDrive,2,2,SubcompactCars,1,1
3.2,6,S6,36.2,NaturallyAspirated,6,0,0,AllWheelDrive,2,2,SubcompactCars,1,1
4.2,8,S6,31.0,NaturallyAspirated,6,1,0,AllWheelDrive,2,2,SubcompactCars,1,0
4.2,8,M6,29.3,NaturallyAspirated,6,0,0,AllWheelDrive,2,2,SubcompactCars,1,0
3.0,6,S7,34.0,Supercharged,7,0,0,AllWheelDrive,2,2,SubcompactCars,1,0
2.0,4,S6,39.7256,Turbocharged,6,0,0,AllWheelDrive,2,2,SubcompactCars,1,0
6.0,12,S6,23.2715,Turbocharged,6,1,0,AllWheelDrive,2,2,SubcompactCars,1,0
3.0,6,S6,38.1696,NaturallyAspirated,6,1,0,TwoWheelDriveRear,2,2,SubcompactCars,1,1
3.0,6,M6,38.7896,NaturallyAspirated,6,0,0,TwoWheelDriveRear,2,2,SubcompactCars,1,1
3.0,6,S6,39.7103,NaturallyAspirated,6,1,0,TwoWheelDriveRear,2,2,SubcompactCars,1,1
3.0,6,M6,38.7896,NaturallyAspirated,6,0,0,TwoWheelDriveRear,2,2,SubcompactCars,1,1
3.0,6,S6,35.5,Turbocharged,6,1,0,TwoWheelDriveRear,2,2,SubcompactCars,1,0
3.0,6,M6,35.2678,Turbocharged,6,0,0,TwoWheelDriveRear,2,2,SubcompactCars,1,0
3.0,6,S6,36.1548,Turbocharged,6,1,0,TwoWheelDriveRear,2,2,SubcompactCars,1,0
3.0,6,M6,35.7081,Turbocharged,6,0,0,TwoWheelDriveRear,2,2,SubcompactCars,1,0
3.0,6,S6,39.7103,NaturallyAspirated,6,1,0,TwoWheelDriveRear,2,2,SubcompactCars,1,1
3.0,6,M6,38.7896,NaturallyAspirated,6,0,0,TwoWheelDriveRear,2,2,SubcompactCars,1,1
3.0,6,S6,38.1696,NaturallyAspirated,6,1,0,TwoWheelDriveRear,2,2,SubcompactCars,1,1
3.0,6,M6,36.798,NaturallyAspirated,6,1,0,TwoWheelDriveRear,2,2,SubcompactCars,1,1
3.0,6,S6,35.5404,NaturallyAspirated,6,1,0,AllWheelDrive,2,2,SubcompactCars,1,1
3.0,6,M6,35.4606,NaturallyAspirated,6,0,0,AllWheelDrive,2,2,SubcompactCars,1,1
3.0,6,S6,36.1548,Turbocharged,6,1,0,TwoWheelDriveRear,2,2,SubcompactCars,1,0
3.0,6,M6,35.7081,Turbocharged,6,0,0,TwoWheelDriveRear,2,2,SubcompactCars,1,0
3.0,6,S6,36.1548,Turbocharged,6,1,0,TwoWheelDriveRear,2,2,SubcompactCars,1,0
3.0,6,M6,35.7081,Turbocharged,6,0,0,TwoWheelDriveRear,2,2,SubcompactCars,1,0
3.0,6,S6,34.7288,Turbocharged,6,1,0,AllWheelDrive,2,2,SubcompactCars,1,0
3.0,6,M6,34.2853,Turbocharged,6,1,0,AllWheelDrive,2,2,SubcompactCars,1,0
4.8,8,M6,30.5375,NaturallyAspirated,6,1,0,TwoWheelDriveRear,2,2,SubcompactCars,1,1
4.8,8,S6,31.3747,NaturallyAspirated,6,1,0,TwoWheelDriveRear,2,2,SubcompactCars,1,1
4.8,8,M6,28.8,NaturallyAspirated,6,1,0,TwoWheelDriveRear,2,2,SubcompactCars,1,1
4.8,8,S6,31.8,NaturallyAspirated,6,1,0,TwoWheelDriveRear,2,2,SubcompactCars,1,1
4.0,8,S7,27.3704,NaturallyAspirated,7,1,0,TwoWheelDriveRear,2,2,SubcompactCars,1,0
4.0,8,M6,27.3,NaturallyAspirated,6,0,0,TwoWheelDriveRear,2,2,SubcompactCars,1,0
4.0,8,M6,28.4,NaturallyAspirated,6,0,0,TwoWheelDriveRear,2,2,SubcompactCars,1,0
4.0,8,S7,27.9711,NaturallyAspirated,7,1,0,TwoWheelDriveRear,2,2,SubcompactCars,1,0
5.0,10,M6,23.226999999999997,NaturallyAspirated,6,1,0,TwoWheelDriveRear,2,2,SubcompactCars,1,0
5.0,10,S7,23.6182,NaturallyAspirated,7,1,0,TwoWheelDriveRear,2,2,SubcompactCars,1,0
5.0,10,M6,23.7,NaturallyAspirated,6,1,0,TwoWheelDriveRear,2,2,SubcompactCars,1,0
5.0,10,S7,24.0505,NaturallyAspirated,7,1,0,TwoWheelDriveRear,2,2,SubcompactCars,1,0
1.6,4,A4,47.9,NaturallyAspirated,4,1,0,TwoWheelDriveFront,2,2,SubcompactCars,1,0
1.6,4,M5,48.9,NaturallyAspirated,5,0,0,TwoWheelDriveFront,2,2,SubcompactCars,1,0
2.2,4,M5,51.9,NaturallyAspirated,5,0,0,TwoWheelDriveFront,2,2,SubcompactCars,1,0
2.2,4,A4,46.8,NaturallyAspirated,4,1,0,TwoWheelDriveFront,2,2,SubcompactCars,1,0
2.0,4,M5,41.9,Turbocharged,5,0,0,TwoWheelDriveFront,2,2,SubcompactCars,1,0
2.2,4,M5,51.9,NaturallyAspirated,5,0,0,TwoWheelDriveFront,2,2,SubcompactCars,1,0
4.0,6,A5,32.7568,NaturallyAspirated,5,1,1,TwoWheelDriveRear,1,1,SubcompactCars,0,0
4.0,6,M5,36.3926,NaturallyAspirated,5,0,0,TwoWheelDriveRear,1,1,SubcompactCars,0,0
4.6,8,A5,32.1109,NaturallyAspirated,5,1,1,TwoWheelDriveRear,2,1,SubcompactCars,1,0
4.6,8,M5,33.8,NaturallyAspirated,5,0,1,TwoWheelDriveRear,2,1,SubcompactCars,1,0
5.4,8,M6,30.4,Supercharged,6,0,0,TwoWheelDriveRear,2,2,SubcompactCars,0,0
1.8,4,A5,50.5,NaturallyAspirated,5,1,0,TwoWheelDriveFront,2,2,SubcompactCars,1,1
1.8,4,M5,48.6,NaturallyAspirated,5,0,0,TwoWheelDriveFront,2,2,SubcompactCars,1,1
1.8,4,A5,51.1915,NaturallyAspirated,5,1,0,TwoWheelDriveFront,2,2,SubcompactCars,1,1
2.0,4,M6,40.5,NaturallyAspirated,6,0,0,TwoWheelDriveFront,2,2,SubcompactCars,1,1
2.0,4,A5,41.7998,Turbocharged,5,1,0,TwoWheelDriveRear,2,2,SubcompactCars,1,0
2.0,4,M6,42.0,Turbocharged,6,0,0,TwoWheelDriveRear,2,2,SubcompactCars,1,0
3.8,6,A6,38.0484,NaturallyAspirated,6,1,0,TwoWheelDriveRear,2,2,SubcompactCars,1,0
3.8,6,M6,36.4,NaturallyAspirated,6,0,0,TwoWheelDriveRear,2,2,SubcompactCars,1,0
3.7,6,M6,32.9748,NaturallyAspirated,6,0,0,TwoWheelDriveRear,2,2,SubcompactCars,1,1
3.7,6,S7,35.2288,NaturallyAspirated,7,1,0,TwoWheelDriveRear,2,2,SubcompactCars,1,1
3.7,6,M6,34.7305,NaturallyAspirated,6,0,0,TwoWheelDriveRear,2,2,SubcompactCars,1,1
3.7,6,S7,37.065,NaturallyAspirated,7,1,0,TwoWheelDriveRear,2,2,SubcompactCars,1,1
3.7,6,S7,35.162,NaturallyAspirated,7,1,0,FourWheelDrive,2,2,SubcompactCars,1,1
2.5,6,S6,36.2901,NaturallyAspirated,6,1,0,AllWheelDrive,2,2,SubcompactCars,1,0
2.5,6,M6,36.7047,NaturallyAspirated,6,0,0,TwoWheelDriveRear,2,2,SubcompactCars,1,0
2.5,6,S6,40.8247,NaturallyAspirated,6,1,0,TwoWheelDriveRear,2,2,SubcompactCars,1,0
3.5,6,S6,36.5564,NaturallyAspirated,6,1,0,TwoWheelDriveRear,2,2,SubcompactCars,1,0
5.0,8,S8,32.0888,NaturallyAspirated,8,1,0,TwoWheelDriveRear,2,2,SubcompactCars,1,0
4.2,8,A6,26.8817,NaturallyAspirated,6,0,0,TwoWheelDriveRear,2,2,SubcompactCars,1,0
4.7,8,A6,26.7022,NaturallyAspirated,6,0,0,TwoWheelDriveRear,2,2,SubcompactCars,1,0
4.7,8,A6,26.5604,NaturallyAspirated,6,0,0,TwoWheelDriveRear,2,2,SubcompactCars,1,0
1.3,2,M6,30.2,NaturallyAspirated,6,0,0,TwoWheelDriveRear,0,0,SubcompactCars,0,0
1.3,2,S6,32.1,NaturallyAspirated,6,1,0,TwoWheelDriveRear,0,0,SubcompactCars,0,0
3.5,6,A7,36.0876,NaturallyAspirated,7,1,0,TwoWheelDriveRear,2,2,SubcompactCars,1,0
5.5,8,A7,31.7,NaturallyAspirated,7,1,0,TwoWheelDriveRear,2,2,SubcompactCars,1,0
1.6,4,M6,51.6555,NaturallyAspirated,6,0,0,TwoWheelDriveFront,2,2,SubcompactCars,1,1
1.6,4,S6,47.2025,NaturallyAspirated,6,1,0,TwoWheelDriveFront,2,2,SubcompactCars,1,1
1.6,4,S6,44.5714,Turbocharged,6,1,0,TwoWheelDriveFront,2,2,SubcompactCars,1,0
1.6,4,M6,47.7592,Turbocharged,6,0,0,TwoWheelDriveFront,2,2,SubcompactCars,1,0
1.6,4,M6,46.5047,Turbocharged,6,0,0,TwoWheelDriveFront,2,2,SubcompactCars,1,1
2.4,4,M5,38.5995,NaturallyAspirated,5,0,0,TwoWheelDriveFront,2,2,SubcompactCars,0,1
2.4,4,S4,37.4902,NaturallyAspirated,4,1,0,TwoWheelDriveFront,2,2,SubcompactCars,0,1
3.8,6,M6,34.6,NaturallyAspirated,6,0,0,TwoWheelDriveFront,2,2,SubcompactCars,0,1
3.8,6,S5,33.2,NaturallyAspirated,5,1,0,TwoWheelDriveFront,2,2,SubcompactCars,0,1
2.5,4,AVS6,44.7365,NaturallyAspirated,1,1,0,TwoWheelDriveFront,2,2,SubcompactCars,1,0
2.5,4,M6,43.8,NaturallyAspirated,6,0,0,TwoWheelDriveFront,2,2,SubcompactCars,1,0
3.5,6,M6,37.9628,NaturallyAspirated,6,0,0,TwoWheelDriveFront,2,2,SubcompactCars,1,0
3.5,6,AVS6,38.0169,NaturallyAspirated,1,1,0,TwoWheelDriveFront,2,2,SubcompactCars,1,0
3.8,6,AM6,29.0307,Turbocharged,6,1,0,AllWheelDrive,2,2,SubcompactCars,1,0
2.2,4,M5,51.9,NaturallyAspirated,5,0,0,TwoWheelDriveFront,2,2,SubcompactCars,1,0
2.2,4,A4,46.8,NaturallyAspirated,4,1,0,TwoWheelDriveFront,2,2,SubcompactCars,1,0
2.2,4,A4,46.8,NaturallyAspirated,4,1,0,TwoWheelDriveFront,2,2,SubcompactCars,1,0
2.2,4,M5,51.9,NaturallyAspirated,5,0,0,TwoWheelDriveFront,2,2,SubcompactCars,1,0
2.2,4,M5,51.9,NaturallyAspirated,5,0,0,TwoWheelDriveFront,2,2,SubcompactCars,1,0
4.6,8,A5,29.14,Supercharged,5,1,0,TwoWheelDriveRear,2,1,SubcompactCars,1,0
4.6,8,M5,31.61,Supercharged,5,0,0,TwoWheelDriveRear,2,1,SubcompactCars,1,0
2.0,4,M6,41.2,Turbocharged,6,0,0,TwoWheelDriveFront,2,2,SubcompactCars,0,0
2.0,4,S5,37.5,Turbocharged,5,1,0,TwoWheelDriveFront,2,2,SubcompactCars,0,0
1.6,4,M5,48.9,NaturallyAspirated,5,0,0,TwoWheelDriveFront,2,2,SubcompactCars,1,0
1.6,4,A4,42.1,NaturallyAspirated,4,1,0,TwoWheelDriveFront,2,2,SubcompactCars,1,0
2.4,4,A4,40.2,NaturallyAspirated,4,1,0,TwoWheelDriveFront,2,2,SubcompactCars,1,0
2.4,4,M5,38.2,NaturallyAspirated,5,0,0,TwoWheelDriveFront,2,2,SubcompactCars,1,0
1.8,4,A4,47.2,NaturallyAspirated,4,1,0,TwoWheelDriveFront,2,2,SubcompactCars,1,0
1.8,4,M5,46.9,NaturallyAspirated,5,0,0,TwoWheelDriveFront,2,2,SubcompactCars,1,0
1.5,4,A4,48.8622,NaturallyAspirated,4,1,0,TwoWheelDriveFront,2,2,SubcompactCars,1,0
1.5,4,M5,50.6725,NaturallyAspirated,5,0,0,TwoWheelDriveFront,2,2,SubcompactCars,1,0
2.0,4,M6,41.521,Turbocharged,6,0,0,TwoWheelDriveFront,2,2,SubcompactCars,1,0
2.0,4,S6,41.3156,Turbocharged,6,0,0,TwoWheelDriveFront,2,2,SubcompactCars,1,0
2.5,5,S6,40.8,NaturallyAspirated,6,0,0,TwoWheelDriveFront,2,2,SubcompactCars,1,0
2.5,5,M5,39.3753,NaturallyAspirated,5,0,0,TwoWheelDriveFront,2,2,SubcompactCars,1,0
2.5,5,S5,38.4,Turbocharged,5,1,0,TwoWheelDriveFront,2,2,SubcompactCars,1,0
2.5,5,M6,38.6,Turbocharged,6,0,0,TwoWheelDriveFront,2,2,SubcompactCars,1,0
2.4,4,M6,39.3,NaturallyAspirated,6,0,0,TwoWheelDriveFront,2,2,CompactCars,1,0
2.4,4,S5,42.3,NaturallyAspirated,5,1,0,TwoWheelDriveFront,2,2,CompactCars,1,0
3.5,6,S5,37.6,NaturallyAspirated,5,1,0,TwoWheelDriveFront,2,2,CompactCars,1,1
2.0,4,AV,42.7743,Turbocharged,1,0,0,TwoWheelDriveFront,2,2,CompactCars,1,1
2.0,4,S6,37.7989,Turbocharged,6,1,0,AllWheelDrive,2,2,CompactCars,1,1
2.0,4,M6,42.575,Turbocharged,6,1,0,AllWheelDrive,2,2,CompactCars,1,1
3.0,6,M6,34.1,Supercharged,6,0,0,AllWheelDrive,2,2,CompactCars,1,0
3.0,6,S7,35.0,Supercharged,7,0,0,AllWheelDrive,2,2,CompactCars,1,0
6.8,8,A6,21.006,Turbocharged,6,0,0,TwoWheelDriveRear,1,1,CompactCars,0,0
6.8,8,A6,21.006,Turbocharged,6,0,0,TwoWheelDriveRear,1,1,CompactCars,0,0
6.0,12,S6,23.8,Turbocharged,6,1,0,AllWheelDrive,2,2,CompactCars,1,0
3.0,6,S6,39.7103,NaturallyAspirated,6,1,0,TwoWheelDriveRear,2,2,CompactCars,1,1
3.0,6,M6,38.7896,NaturallyAspirated,6,0,0,TwoWheelDriveRear,2,2,CompactCars,1,1
3.0,6,S6,35.5404,NaturallyAspirated,6,1,0,AllWheelDrive,2,2,CompactCars,1,1
3.0,6,M6,35.4606,NaturallyAspirated,6,0,0,AllWheelDrive,2,2,CompactCars,1,1
3.0,6,S6,51.1,Turbocharged,6,1,0,TwoWheelDriveRear,2,2,CompactCars,0,0
3.0,6,S6,36.1548,Turbocharged,6,1,0,TwoWheelDriveRear,2,2,CompactCars,1,0
3.0,6,M6,35.7081,Turbocharged,6,0,0,TwoWheelDriveRear,2,2,CompactCars,1,0
3.0,6,S6,34.7288,Turbocharged,6,1,0,AllWheelDrive,2,2,CompactCars,1,0
3.0,6,M6,34.2853,Turbocharged,6,1,0,AllWheelDrive,2,2,CompactCars,1,0
4.0,8,M6,28.4,NaturallyAspirated,6,0,0,TwoWheelDriveRear,2,2,CompactCars,1,0
4.0,8,S7,27.9711,NaturallyAspirated,7,1,0,TwoWheelDriveRear,2,2,CompactCars,1,0
1.6,4,A4,47.9,NaturallyAspirated,4,1,0,TwoWheelDriveFront,2,2,CompactCars,1,0
1.6,4,M5,48.9,NaturallyAspirated,5,0,0,TwoWheelDriveFront,2,2,CompactCars,1,0
3.6,6,M6,40.4,NaturallyAspirated,6,0,0,TwoWheelDriveRear,2,2,CompactCars,1,0
3.6,6,S6,40.0,NaturallyAspirated,6,1,0,TwoWheelDriveRear,2,2,CompactCars,1,0
6.2,8,M6,33.8,NaturallyAspirated,6,0,0,TwoWheelDriveRear,1,1,CompactCars,0,0
6.2,8,S6,35.2,NaturallyAspirated,6,1,0,TwoWheelDriveRear,1,1,CompactCars,1,0
2.2,4,M5,51.9,NaturallyAspirated,5,0,0,TwoWheelDriveFront,2,2,CompactCars,1,0
2.2,4,A4,46.8,NaturallyAspirated,4,1,0,TwoWheelDriveFront,2,2,CompactCars,1,0
2.2,4,M5,51.9,NaturallyAspirated,5,0,0,TwoWheelDriveFront,2,2,CompactCars,1,0
2.4,4,A4,40.1,NaturallyAspirated,4,1,0,TwoWheelDriveFront,2,2,CompactCars,1,0
2.7,6,A4,36.5,NaturallyAspirated,4,1,0,TwoWheelDriveFront,2,2,CompactCars,0,0
3.5,6,A6,37.6,NaturallyAspirated,6,1,0,TwoWheelDriveFront,2,2,CompactCars,0,0
3.5,6,A5,34.7,NaturallyAspirated,5,1,0,TwoWheelDriveRear,2,2,CompactCars,0,0
5.7,8,A5,34.5,NaturallyAspirated,5,1,0,TwoWheelDriveRear,1,1,CompactCars,1,0
5.7,8,M6,33.6,NaturallyAspirated,6,0,0,TwoWheelDriveRear,1,1,CompactCars,1,0
6.1,8,M6,30.1,NaturallyAspirated,6,0,0,TwoWheelDriveRear,1,1,CompactCars,0,0
6.1,8,A5,26.0,NaturallyAspirated,5,1,0,TwoWheelDriveRear,1,1,CompactCars,0,0
2.0,4,A4,47.3278,NaturallyAspirated,4,1,0,TwoWheelDriveFront,2,2,CompactCars,0,0
2.0,4,M5,49.3,NaturallyAspirated,5,0,0,TwoWheelDriveFront,2,2,CompactCars,0,0
2.4,4,M5,43.5,NaturallyAspirated,5,0,0,TwoWheelDriveFront,2,2,CompactCars,1,1
2.4,4,A5,43.3,NaturallyAspirated,5,1,0,TwoWheelDriveFront,2,2,CompactCars,1,1
3.5,6,M6,35.5,NaturallyAspirated,6,0,0,TwoWheelDriveFront,2,2,CompactCars,1,1
3.5,6,A5,39.9,NaturallyAspirated,5,1,0,TwoWheelDriveFront,2,2,CompactCars,1,1
1.3,4,AV,65.0,NaturallyAspirated,1,1,0,TwoWheelDriveFront,1,1,CompactCars,1,1
1.3,4,Other,62.2674,NaturallyAspirated,1,1,0,TwoWheelDriveFront,1,1,CompactCars,1,1
1.3,4,AV,61.2,NaturallyAspirated,1,1,0,TwoWheelDriveFront,1,1,CompactCars,1,1
1.6,4,A4,50.4,NaturallyAspirated,4,1,0,TwoWheelDriveFront,2,2,CompactCars,1,0
1.6,4,M5,48.2,NaturallyAspirated,5,0,0,TwoWheelDriveFront,2,2,CompactCars,1,0
1.6,4,M5,50.8205,NaturallyAspirated,5,0,0,TwoWheelDriveFront,2,2,CompactCars,1,0
2.0,4,A4,47.2964,NaturallyAspirated,4,1,0,TwoWheelDriveFront,2,2,CompactCars,1,0
2.0,4,A5,50.9,NaturallyAspirated,5,1,0,TwoWheelDriveFront,2,2,CompactCars,1,0
2.0,4,M5,47.4,NaturallyAspirated,5,0,0,TwoWheelDriveFront,2,2,CompactCars,1,0
2.4,4,A5,44.343999999999994,NaturallyAspirated,5,1,0,TwoWheelDriveFront,2,2,CompactCars,1,0
2.4,4,M6,44.6,NaturallyAspirated,6,0,0,TwoWheelDriveFront,2,2,CompactCars,1,0
1.6,4,A4,50.2669,NaturallyAspirated,4,1,0,TwoWheelDriveFront,2,2,CompactCars,1,0
1.6,4,M5,48.3188,NaturallyAspirated,5,0,0,TwoWheelDriveFront,2,2,CompactCars,1,0
3.5,6,AVS6,35.3494,NaturallyAspirated,1,0,0,TwoWheelDriveRear,2,2,CompactCars,1,0
2.4,4,AV,47.4081,NaturallyAspirated,1,0,0,TwoWheelDriveFront,2,2,CompactCars,1,0
2.0,4,S5,46.623999999999995,NaturallyAspirated,5,1,0,TwoWheelDriveFront,2,2,CompactCars,1,0
2.0,4,M5,46.4387,NaturallyAspirated,5,0,0,TwoWheelDriveFront,2,2,CompactCars,1,0
2.5,4,M6,40.1876,NaturallyAspirated,6,0,0,TwoWheelDriveFront,2,2,CompactCars,1,0
2.5,4,S5,40.8873,NaturallyAspirated,5,1,0,TwoWheelDriveFront,2,2,CompactCars,1,0
3.0,6,M6,35.8,NaturallyAspirated,6,0,0,TwoWheelDriveRear,2,2,CompactCars,1,0
3.0,6,A7,35.7311,NaturallyAspirated,7,1,0,TwoWheelDriveRear,2,2,CompactCars,1,0
3.5,6,A7,35.9,NaturallyAspirated,7,1,0,TwoWheelDriveRear,2,2,CompactCars,1,0
3.0,6,A7,34.9,NaturallyAspirated,7,1,0,FourWheelDrive,2,2,CompactCars,1,0
3.5,6,A7,33.9,NaturallyAspirated,7,1,0,FourWheelDrive,2,2,CompactCars,1,0
3.5,6,A7,34.6,NaturallyAspirated,7,1,0,TwoWheelDriveRear,2,2,CompactCars,1,0
6.3,8,A7,26.6722,NaturallyAspirated,7,1,0,TwoWheelDriveRear,2,2,CompactCars,1,0
5.5,8,A7,29.2,NaturallyAspirated,7,1,0,FourWheelDrive,2,2,CompactCars,1,0
5.5,12,A5,23.9,Turbocharged,5,1,0,TwoWheelDriveRear,2,1,CompactCars,1,0
6.3,8,A7,24.7,NaturallyAspirated,7,1,0,TwoWheelDriveRear,2,2,CompactCars,1,0
6.0,12,A5,23.4,Turbocharged,5,1,0,TwoWheelDriveRear,2,1,CompactCars,1,0
5.5,8,A7,29.0,NaturallyAspirated,7,1,0,TwoWheelDriveRear,2,2,CompactCars,1,0
6.3,8,A7,24.8202,NaturallyAspirated,7,1,0,TwoWheelDriveRear,2,2,CompactCars,1,0
2.0,4,M5,42.9363,NaturallyAspirated,5,0,0,TwoWheelDriveFront,2,2,CompactCars,1,0
2.0,4,AVS6,42.4579,NaturallyAspirated,1,0,0,TwoWheelDriveFront,2,2,CompactCars,1,0
2.0,4,AM6,34.9,Turbocharged,6,1,0,AllWheelDrive,2,2,CompactCars,1,0
2.4,4,M5,38.8769,NaturallyAspirated,5,0,0,TwoWheelDriveFront,2,2,CompactCars,1,0
2.4,4,AVS6,40.3706,NaturallyAspirated,1,0,0,TwoWheelDriveFront,2,2,CompactCars,1,0
2.0,4,M5,30.6,Turbocharged,5,0,0,AllWheelDrive,2,2,CompactCars,1,0
2.0,4,AM6,31.1,Turbocharged,6,1,0,AllWheelDrive,2,2,CompactCars,1,0
1.6,4,A4,47.9,NaturallyAspirated,4,1,0,TwoWheelDriveFront,2,2,CompactCars,1,0
1.6,4,M5,48.9,NaturallyAspirated,5,0,0,TwoWheelDriveFront,2,2,CompactCars,1,0
2.4,4,A4,42.8,NaturallyAspirated,4,1,0,TwoWheelDriveFront,2,2,CompactCars,1,0
2.4,4,S6,46.9,NaturallyAspirated,6,1,0,TwoWheelDriveFront,2,2,CompactCars,1,0
2.4,4,A4,42.6,NaturallyAspirated,4,1,0,TwoWheelDriveFront,2,2,CompactCars,1,0
2.4,4,S6,46.8,NaturallyAspirated,6,1,0,TwoWheelDriveFront,2,2,CompactCars,1,0
3.5,6,A4,40.3,NaturallyAspirated,4,1,0,TwoWheelDriveFront,1,1,CompactCars,1,0
3.5,6,A4,41.2,NaturallyAspirated,4,1,0,TwoWheelDriveFront,1,1,CompactCars,1,0
3.6,6,S6,35.6,NaturallyAspirated,6,1,0,TwoWheelDriveFront,2,2,CompactCars,1,0
3.6,6,S4,31.0,NaturallyAspirated,4,1,0,TwoWheelDriveFront,2,2,CompactCars,1,0
6.7,12,S6,24.2,NaturallyAspirated,6,1,0,TwoWheelDriveRear,2,2,CompactCars,1,0
6.7,12,S6,24.2,NaturallyAspirated,6,1,0,TwoWheelDriveRear,2,2,CompactCars,1,0
2.0,4,S5,37.1,Turbocharged,5,1,0,AllWheelDrive,2,2,CompactCars,0,0
2.0,4,M6,41.1132,Turbocharged,6,0,0,AllWheelDrive,2,2,CompactCars,0,0
2.0,4,S6,38.4627,Turbocharged,6,1,0,AllWheelDrive,2,2,CompactCars,0,0
2.0,4,M6,43.1,Turbocharged,6,0,0,TwoWheelDriveFront,2,2,CompactCars,0,0
2.0,4,S5,38.4997,Turbocharged,5,1,0,TwoWheelDriveFront,2,2,CompactCars,0,0
2.5,4,M5,37.071,NaturallyAspirated,5,0,0,AllWheelDrive,2,2,CompactCars,0,1
2.5,4,S4,35.9226,NaturallyAspirated,4,1,0,AllWheelDrive,2,2,CompactCars,0,1
2.5,4,M5,34.1435,Turbocharged,5,0,0,AllWheelDrive,2,2,CompactCars,1,0
2.5,4,S4,32.9103,Turbocharged,4,1,0,AllWheelDrive,2,2,CompactCars,1,0
2.4,4,AV,42.3947,NaturallyAspirated,1,0,0,TwoWheelDriveFront,2,2,CompactCars,1,0
2.4,4,M6,41.3959,NaturallyAspirated,6,0,0,TwoWheelDriveFront,2,2,CompactCars,1,0
2.4,4,AV,40.8321,NaturallyAspirated,1,0,0,AllWheelDrive,2,2,CompactCars,1,0
2.4,4,AV,44.0818,NaturallyAspirated,1,0,0,TwoWheelDriveFront,2,2,CompactCars,1,0
2.4,4,M6,43.0035,NaturallyAspirated,6,0,0,TwoWheelDriveFront,2,2,CompactCars,1,0
2.4,4,AV,41.5858,NaturallyAspirated,1,0,0,AllWheelDrive,2,2,CompactCars,1,0
2.0,4,M6,46.3629,NaturallyAspirated,6,0,0,TwoWheelDriveFront,2,2,CompactCars,1,0
2.0,4,AV,45.1901,NaturallyAspirated,1,1,0,TwoWheelDriveFront,2,2,CompactCars,1,0
2.0,4,M6,44.708,NaturallyAspirated,6,0,0,TwoWheelDriveFront,2,2,CompactCars,1,0
2.0,4,AV,41.5661,NaturallyAspirated,1,1,0,TwoWheelDriveFront,2,2,CompactCars,1,0
1.8,4,A4,48.4,NaturallyAspirated,4,1,0,TwoWheelDriveFront,2,2,CompactCars,1,0
1.8,4,M5,50.0,NaturallyAspirated,5,0,0,TwoWheelDriveFront,2,2,CompactCars,1,0
2.4,4,M5,42.2,NaturallyAspirated,5,0,0,TwoWheelDriveFront,2,2,CompactCars,1,0
2.4,4,S5,42.6,NaturallyAspirated,5,1,0,TwoWheelDriveFront,2,2,CompactCars,1,0
2.0,4,S6,42.0,Turbocharged,6,0,0,TwoWheelDriveFront,2,2,CompactCars,1,0
2.0,4,M6,41.521,Turbocharged,6,0,0,TwoWheelDriveFront,2,2,CompactCars,1,0
3.6,6,S6,35.1,NaturallyAspirated,6,0,0,TwoWheelDriveFront,2,2,CompactCars,1,0
3.6,6,S6,33.5,NaturallyAspirated,6,0,0,AllWheelDrive,2,2,CompactCars,1,0
2.0,4,S6,60.1,Turbocharged,6,0,0,TwoWheelDriveFront,2,2,CompactCars,0,0
2.0,4,M6,58.535,Turbocharged,6,0,0,TwoWheelDriveFront,2,2,CompactCars,0,0
2.5,5,M5,39.6147,NaturallyAspirated,5,0,0,TwoWheelDriveFront,2,2,CompactCars,1,0
2.5,5,S6,40.2409,NaturallyAspirated,6,0,0,TwoWheelDriveFront,2,2,CompactCars,1,0
2.0,4,S6,43.5414,Turbocharged,6,0,0,TwoWheelDriveFront,2,2,CompactCars,1,0
2.0,4,M6,41.521,Turbocharged,6,0,0,TwoWheelDriveFront,2,2,CompactCars,1,0
2.0,4,S6,43.5414,Turbocharged,6,0,0,TwoWheelDriveFront,2,2,CompactCars,1,0
2.0,4,M6,41.521,Turbocharged,6,0,0,TwoWheelDriveFront,2,2,CompactCars,1,0
2.0,4,S6,60.1,Turbocharged,6,0,0,TwoWheelDriveFront,2,2,CompactCars,0,0
2.0,4,M6,58.535,Turbocharged,6,0,0,TwoWheelDriveFront,2,2,CompactCars,0,0
2.5,5,M5,39.5714,NaturallyAspirated,5,0,0,TwoWheelDriveFront,2,2,CompactCars,1,0
2.5,5,S6,40.0169,NaturallyAspirated,6,0,0,TwoWheelDriveFront,2,2,CompactCars,1,0
2.4,5,S5,39.348,NaturallyAspirated,5,1,0,TwoWheelDriveFront,2,2,CompactCars,1,0
2.4,5,M5,39.3,NaturallyAspirated,5,0,0,TwoWheelDriveFront,2,2,CompactCars,1,0
2.5,5,S5,40.6,Turbocharged,5,1,0,TwoWheelDriveFront,2,2,CompactCars,1,0
2.5,5,M6,40.4,Turbocharged,6,0,0,TwoWheelDriveFront,2,2,CompactCars,1,0
2.5,5,S5,37.8,Turbocharged,5,1,0,AllWheelDrive,2,2,CompactCars,1,0
2.5,5,M6,37.8,Turbocharged,6,0,0,AllWheelDrive,2,2,CompactCars,1,0
2.4,5,S5,39.348,NaturallyAspirated,5,1,0,TwoWheelDriveFront,2,2,CompactCars,1,0
2.4,5,M5,39.3,NaturallyAspirated,5,0,0,TwoWheelDriveFront,2,2,CompactCars,1,0
2.5,5,S5,40.6,Turbocharged,5,1,0,TwoWheelDriveFront,2,2,CompactCars,1,0
2.5,5,M6,40.4,Turbocharged,6,0,0,TwoWheelDriveFront,2,2,CompactCars,1,0
3.7,6,S5,30.9,NaturallyAspirated,5,1,0,AllWheelDrive,2,2,MidsizeCars,1,1
3.5,6,S5,36.8,NaturallyAspirated,5,1,0,TwoWheelDriveFront,2,2,MidsizeCars,1,1
3.7,6,S5,34.3,NaturallyAspirated,5,1,0,AllWheelDrive,2,2,MidsizeCars,1,1
3.7,6,M6,34.4,NaturallyAspirated,6,0,0,AllWheelDrive,2,2,MidsizeCars,1,1
3.2,6,AV,38.9,NaturallyAspirated,1,0,0,TwoWheelDriveFront,2,2,MidsizeCars,1,1
3.0,6,S6,34.7286,Supercharged,6,1,0,AllWheelDrive,2,2,MidsizeCars,1,0
4.2,8,S6,31.5002,NaturallyAspirated,6,1,0,AllWheelDrive,2,2,MidsizeCars,1,0
4.2,8,S6,31.5002,NaturallyAspirated,6,1,0,AllWheelDrive,2,2,MidsizeCars,1,0
5.2,10,S6,26.7,NaturallyAspirated,6,0,0,AllWheelDrive,2,2,MidsizeCars,1,0
6.0,12,S6,23.2715,Turbocharged,6,1,0,AllWheelDrive,2,2,MidsizeCars,1,0
3.0,6,S6,38.1696,NaturallyAspirated,6,1,0,TwoWheelDriveRear,2,2,MidsizeCars,1,1
3.0,6,M6,38.7896,NaturallyAspirated,6,0,0,TwoWheelDriveRear,2,2,MidsizeCars,1,1
3.0,6,S6,34.7818,NaturallyAspirated,6,1,0,AllWheelDrive,2,2,MidsizeCars,1,1
3.0,6,M6,35.4606,NaturallyAspirated,6,0,0,AllWheelDrive,2,2,MidsizeCars,1,1
3.0,6,S6,35.8831,Turbocharged,6,1,0,TwoWheelDriveRear,2,2,MidsizeCars,1,0
3.0,6,M6,35.7081,Turbocharged,6,0,0,TwoWheelDriveRear,2,2,MidsizeCars,1,0
3.0,6,S6,34.7288,Turbocharged,6,1,0,AllWheelDrive,2,2,MidsizeCars,1,0
3.0,6,M6,34.2853,Turbocharged,6,1,0,AllWheelDrive,2,2,MidsizeCars,1,0
4.8,8,M6,30.5375,NaturallyAspirated,6,1,0,TwoWheelDriveRear,2,2,MidsizeCars,1,1
4.8,8,S6,31.3747,NaturallyAspirated,6,1,0,TwoWheelDriveRear,2,2,MidsizeCars,1,1
5.0,10,M6,23.226999999999997,NaturallyAspirated,6,1,0,TwoWheelDriveRear,2,2,MidsizeCars,1,0
5.0,10,S7,23.6182,NaturallyAspirated,7,1,0,TwoWheelDriveRear,2,2,MidsizeCars,1,0
2.4,4,S6,41.696000000000005,NaturallyAspirated,6,1,0,TwoWheelDriveFront,2,2,MidsizeCars,1,0
3.0,6,S6,36.1,NaturallyAspirated,6,1,0,TwoWheelDriveFront,2,2,MidsizeCars,1,0
3.6,6,S6,38.1,NaturallyAspirated,6,1,0,TwoWheelDriveFront,2,2,MidsizeCars,1,0
3.0,6,S6,34.4,NaturallyAspirated,6,1,0,TwoWheelDriveFront,2,2,MidsizeCars,1,0
3.0,6,S6,38.3,NaturallyAspirated,6,1,0,TwoWheelDriveRear,2,2,MidsizeCars,1,0
3.0,6,M6,36.0,NaturallyAspirated,6,0,0,TwoWheelDriveRear,2,2,MidsizeCars,1,0
3.6,6,M6,34.9,NaturallyAspirated,6,0,0,TwoWheelDriveRear,2,2,MidsizeCars,1,0
3.6,6,S6,40.0,NaturallyAspirated,6,1,0,TwoWheelDriveRear,2,2,MidsizeCars,1,0
6.2,8,S6,24.9754,Supercharged,6,1,0,TwoWheelDriveRear,1,1,MidsizeCars,0,0
6.2,8,M6,26.2999,Supercharged,6,0,0,TwoWheelDriveRear,1,1,MidsizeCars,0,0
3.0,6,S6,36.1,NaturallyAspirated,6,1,0,AllWheelDrive,2,2,MidsizeCars,1,0
3.6,6,S6,37.2,NaturallyAspirated,6,1,0,AllWheelDrive,2,2,MidsizeCars,1,0
3.6,6,S6,40.0,NaturallyAspirated,6,1,0,TwoWheelDriveRear,2,2,MidsizeCars,1,0
4.6,8,S6,34.1,NaturallyAspirated,6,1,0,TwoWheelDriveRear,2,2,MidsizeCars,0,0
3.6,6,S6,37.2,NaturallyAspirated,6,1,0,AllWheelDrive,2,2,MidsizeCars,1,0
4.6,8,S6,30.2999,NaturallyAspirated,6,1,0,AllWheelDrive,2,2,MidsizeCars,0,0
2.4,4,A4,42.8,NaturallyAspirated,4,1,0,TwoWheelDriveFront,2,2,MidsizeCars,1,0
2.4,4,S6,46.9,NaturallyAspirated,6,1,0,TwoWheelDriveFront,2,2,MidsizeCars,1,0
2.4,4,A4,42.6,NaturallyAspirated,4,1,0,TwoWheelDriveFront,2,2,MidsizeCars,1,0
2.4,4,S6,46.8,NaturallyAspirated,6,1,0,TwoWheelDriveFront,2,2,MidsizeCars,1,0
3.5,6,A4,40.3,NaturallyAspirated,4,1,0,TwoWheelDriveFront,1,1,MidsizeCars,1,0
3.5,6,A4,41.2,NaturallyAspirated,4,1,0,TwoWheelDriveFront,1,1,MidsizeCars,1,0
3.6,6,S6,35.6,NaturallyAspirated,6,1,0,TwoWheelDriveFront,2,2,MidsizeCars,1,0
2.4,4,A4,48.1,NaturallyAspirated,4,1,0,TwoWheelDriveFront,2,2,MidsizeCars,1,0
2.4,4,A4,41.6998,NaturallyAspirated,4,1,0,TwoWheelDriveFront,2,2,MidsizeCars,1,0
2.7,6,A4,38.3,NaturallyAspirated,4,1,0,TwoWheelDriveFront,2,2,MidsizeCars,0,0
3.5,6,A6,37.6,NaturallyAspirated,6,1,0,TwoWheelDriveFront,2,2,MidsizeCars,0,0
2.4,4,A4,41.6998,NaturallyAspirated,4,1,0,TwoWheelDriveFront,2,2,MidsizeCars,1,0
2.7,6,A4,38.3,NaturallyAspirated,4,1,0,TwoWheelDriveFront,2,2,MidsizeCars,0,0
3.5,6,A6,37.6,NaturallyAspirated,6,1,0,TwoWheelDriveFront,2,2,MidsizeCars,0,0
5.7,12,AM6,21.7,NaturallyAspirated,6,0,0,TwoWheelDriveRear,2,2,MidsizeCars,1,0
5.7,12,M6,21.3,NaturallyAspirated,6,0,0,TwoWheelDriveRear,2,2,MidsizeCars,1,0
3.5,6,S6,33.5,NaturallyAspirated,6,1,1,FourWheelDrive,2,2,MidsizeCars,1,0
3.0,6,S6,35.4655,NaturallyAspirated,6,1,1,FourWheelDrive,2,2,MidsizeCars,1,0
2.5,4,A6,42.908,NaturallyAspirated,6,1,0,TwoWheelDriveFront,2,2,MidsizeCars,1,0
2.5,4,M6,40.2,NaturallyAspirated,6,0,0,TwoWheelDriveFront,2,2,MidsizeCars,1,0
3.0,6,A6,37.9,NaturallyAspirated,6,1,1,TwoWheelDriveFront,2,2,MidsizeCars,1,0
3.5,6,S6,37.4,NaturallyAspirated,6,1,1,TwoWheelDriveFront,2,2,MidsizeCars,1,0
2.5,4,AV,51.6,NaturallyAspirated,1,0,0,TwoWheelDriveFront,2,2,MidsizeCars,1,0
2.5,4,M6,44.2,NaturallyAspirated,6,0,1,TwoWheelDriveFront,2,2,MidsizeCars,1,0
2.5,4,A6,47.6493,NaturallyAspirated,6,1,0,TwoWheelDriveFront,2,2,MidsizeCars,1,0
2.0,4,A4,47.7,NaturallyAspirated,4,1,0,TwoWheelDriveFront,2,2,MidsizeCars,1,0
2.0,4,M5,48.2,NaturallyAspirated,5,0,0,TwoWheelDriveFront,2,2,MidsizeCars,1,0
2.0,4,M5,49.217,NaturallyAspirated,5,0,0,TwoWheelDriveFront,2,2,MidsizeCars,1,0
3.7,6,M6,34.7305,NaturallyAspirated,6,0,0,TwoWheelDriveRear,2,2,MidsizeCars,1,1
3.7,6,S7,37.065,NaturallyAspirated,7,1,0,TwoWheelDriveRear,2,2,MidsizeCars,1,1
3.7,6,S7,35.162,NaturallyAspirated,7,1,0,FourWheelDrive,2,2,MidsizeCars,1,1
4.2,8,S6,34.4855,NaturallyAspirated,6,1,0,TwoWheelDriveRear,2,2,MidsizeCars,1,0
5.0,8,S6,29.7559,Supercharged,6,1,0,TwoWheelDriveRear,2,2,MidsizeCars,1,0
5.0,8,S6,32.6701,NaturallyAspirated,6,1,0,TwoWheelDriveRear,2,2,MidsizeCars,1,1
2.4,4,A5,44.6,NaturallyAspirated,5,1,0,TwoWheelDriveFront,2,2,MidsizeCars,1,0
2.4,4,M5,44.6,NaturallyAspirated,5,0,0,TwoWheelDriveFront,2,2,MidsizeCars,1,0
2.7,6,A5,39.8,NaturallyAspirated,5,1,0,TwoWheelDriveFront,2,2,MidsizeCars,1,0
3.5,6,S6,38.3,NaturallyAspirated,6,1,0,TwoWheelDriveFront,2,2,MidsizeCars,1,0
3.5,6,S6,36.5564,NaturallyAspirated,6,1,0,TwoWheelDriveRear,2,2,MidsizeCars,1,0
3.5,6,S6,34.7494,NaturallyAspirated,6,1,0,AllWheelDrive,2,2,MidsizeCars,1,0
4.6,8,S8,34.0499,NaturallyAspirated,8,1,0,TwoWheelDriveRear,2,2,MidsizeCars,1,0
4.6,8,S8,33.5509,NaturallyAspirated,8,1,0,TwoWheelDriveRear,2,2,MidsizeCars,1,0
4.6,8,S8,32.1499,NaturallyAspirated,8,1,0,AllWheelDrive,2,2,MidsizeCars,1,0
4.6,8,S8,33.5509,NaturallyAspirated,8,1,0,TwoWheelDriveRear,2,2,MidsizeCars,1,0
4.6,8,S8,32.1499,NaturallyAspirated,8,1,0,AllWheelDrive,2,2,MidsizeCars,1,0
5.0,8,Other,30.3,NaturallyAspirated,1,0,0,AllWheelDrive,2,2,MidsizeCars,1,0
3.0,6,S6,35.4655,NaturallyAspirated,6,1,1,FourWheelDrive,2,2,MidsizeCars,1,0
2.5,4,A6,42.908,NaturallyAspirated,6,1,0,TwoWheelDriveFront,2,2,MidsizeCars,1,0
2.5,4,M6,40.2,NaturallyAspirated,6,0,1,TwoWheelDriveFront,2,2,MidsizeCars,1,0
3.0,6,A6,37.9,NaturallyAspirated,6,1,1,TwoWheelDriveFront,2,2,MidsizeCars,1,0
2.5,4,AV,51.6,NaturallyAspirated,1,0,0,TwoWheelDriveFront,2,2,MidsizeCars,1,0
2.5,4,A6,47.6493,NaturallyAspirated,6,1,1,TwoWheelDriveFront,2,2,MidsizeCars,1,0
2.5,4,M6,44.2,NaturallyAspirated,6,0,1,TwoWheelDriveFront,2,2,MidsizeCars,1,0
3.5,6,S6,33.5,NaturallyAspirated,6,1,0,AllWheelDrive,2,2,MidsizeCars,1,0
3.5,6,S6,37.4,NaturallyAspirated,6,1,0,TwoWheelDriveFront,2,2,MidsizeCars,1,0
2.5,4,M6,40.1931,NaturallyAspirated,6,0,0,TwoWheelDriveFront,2,2,MidsizeCars,1,0
2.5,4,S5,41.6642,NaturallyAspirated,5,1,0,TwoWheelDriveFront,2,2,MidsizeCars,1,0
3.7,6,S6,34.8235,NaturallyAspirated,6,1,0,TwoWheelDriveFront,2,2,MidsizeCars,1,0
2.3,4,M6,34.7,Turbocharged,6,0,0,TwoWheelDriveFront,2,2,MidsizeCars,1,0
3.5,6,A7,36.2,NaturallyAspirated,7,1,0,TwoWheelDriveRear,2,2,MidsizeCars,1,0
3.5,6,A7,33.2,NaturallyAspirated,7,1,0,FourWheelDrive,2,2,MidsizeCars,1,0
5.5,8,A7,33.0,NaturallyAspirated,7,1,0,TwoWheelDriveRear,2,2,MidsizeCars,1,0
5.5,8,A7,32.3,NaturallyAspirated,7,1,0,FourWheelDrive,2,2,MidsizeCars,1,0
6.3,8,A7,27.1158,NaturallyAspirated,7,1,0,TwoWheelDriveRear,2,2,MidsizeCars,1,0
2.4,4,S4,42.2146,NaturallyAspirated,4,1,0,TwoWheelDriveFront,2,2,MidsizeCars,0,1
2.5,4,AV,45.6729,NaturallyAspirated,1,1,0,TwoWheelDriveFront,2,2,MidsizeCars,1,0
3.5,6,M6,37.9499,NaturallyAspirated,6,0,0,TwoWheelDriveFront,2,2,MidsizeCars,1,0
3.5,6,AVS6,38.0347,NaturallyAspirated,1,1,0,TwoWheelDriveFront,2,2,MidsizeCars,1,0
2.5,4,AV,46.6,NaturallyAspirated,1,1,0,TwoWheelDriveFront,2,2,MidsizeCars,1,0
3.5,6,AVS6,36.4102,NaturallyAspirated,1,1,0,TwoWheelDriveFront,2,2,MidsizeCars,1,0
2.0,4,M6,43.0,NaturallyAspirated,6,0,0,TwoWheelDriveFront,2,2,MidsizeCars,1,0
2.0,4,AV,47.5129,NaturallyAspirated,1,1,0,TwoWheelDriveFront,2,2,MidsizeCars,1,0
2.5,4,M6,39.6,NaturallyAspirated,6,0,0,TwoWheelDriveFront,2,2,MidsizeCars,1,0
2.5,4,AVS6,42.6998,NaturallyAspirated,1,1,0,TwoWheelDriveFront,2,2,MidsizeCars,1,0
1.6,4,A4,46.5,NaturallyAspirated,4,1,0,TwoWheelDriveFront,2,2,MidsizeCars,1,0
1.6,4,M5,47.3,NaturallyAspirated,5,0,0,TwoWheelDriveFront,2,2,MidsizeCars,1,0
1.8,4,AV,47.5,NaturallyAspirated,1,1,0,TwoWheelDriveFront,2,2,MidsizeCars,1,0
1.8,4,A4,44.9,NaturallyAspirated,4,1,0,TwoWheelDriveFront,2,2,MidsizeCars,1,0
1.8,4,M6,44.2,NaturallyAspirated,6,0,0,TwoWheelDriveFront,2,2,MidsizeCars,1,0
6.7,12,S6,24.2,NaturallyAspirated,6,1,0,TwoWheelDriveRear,2,2,MidsizeCars,1,0
2.8,6,S6,37.1185,Turbocharged,6,0,0,AllWheelDrive,2,2,MidsizeCars,1,0
2.4,4,S6,46.9,NaturallyAspirated,6,1,0,TwoWheelDriveFront,2,2,MidsizeCars,1,0
2.4,4,S6,46.8,NaturallyAspirated,6,1,0,TwoWheelDriveFront,2,2,MidsizeCars,1,0
3.6,6,S6,35.6,NaturallyAspirated,6,1,0,TwoWheelDriveFront,2,2,MidsizeCars,1,0
2.5,4,M6,37.0574,NaturallyAspirated,6,0,0,AllWheelDrive,2,2,MidsizeCars,0,1
2.5,4,M6,34.6,Turbocharged,6,0,0,AllWheelDrive,2,2,MidsizeCars,1,0
2.5,4,AV,42.9215,NaturallyAspirated,1,1,0,AllWheelDrive,2,2,MidsizeCars,0,1
3.6,6,S5,34.2708,NaturallyAspirated,5,1,0,AllWheelDrive,2,2,MidsizeCars,0,1
2.5,4,M6,46.8,NaturallyAspirated,6,0,0,TwoWheelDriveFront,2,2,MidsizeCars,1,0
2.5,4,S6,45.0566,NaturallyAspirated,6,1,0,TwoWheelDriveFront,2,2,MidsizeCars,1,0
3.5,6,S6,39.8,NaturallyAspirated,6,1,0,TwoWheelDriveFront,2,2,MidsizeCars,1,0
2.4,4,AV,48.2,NaturallyAspirated,1,0,0,TwoWheelDriveFront,2,2,MidsizeCars,1,0
1.8,4,AV,69.6404,NaturallyAspirated,1,0,0,TwoWheelDriveFront,2,2,MidsizeCars,1,0
2.0,4,S6,42.0,Turbocharged,6,0,0,TwoWheelDriveFront,2,2,MidsizeCars,1,0
3.0,6,S6,32.0,Turbocharged,6,1,0,AllWheelDrive,2,2,MidsizeCars,1,0
4.4,8,S6,30.8,NaturallyAspirated,6,1,0,AllWheelDrive,2,2,MidsizeCars,1,0
3.2,6,S6,36.4,NaturallyAspirated,6,1,0,TwoWheelDriveFront,2,2,MidsizeCars,1,0
4.2,8,S6,31.5002,NaturallyAspirated,6,1,0,AllWheelDrive,2,2,LargeCars,1,0
3.0,6,S8,39.4937,Turbocharged,8,1,0,TwoWheelDriveRear,2,2,LargeCars,1,1
4.4,8,S8,30.9537,Turbocharged,8,1,0,TwoWheelDriveRear,2,2,LargeCars,1,0
4.4,8,S8,30.561999999999998,Turbocharged,8,1,0,AllWheelDrive,2,2,LargeCars,1,0
4.4,8,S6,30.1726,Turbocharged,6,1,0,TwoWheelDriveRear,2,2,LargeCars,1,0
4.4,8,S6,27.7,Turbocharged,6,1,0,AllWheelDrive,2,2,LargeCars,1,0
4.4,8,S6,29.4521,Turbocharged,6,1,0,TwoWheelDriveRear,2,2,LargeCars,1,0
4.4,8,S6,27.7,Turbocharged,6,1,0,AllWheelDrive,2,2,LargeCars,1,0
6.0,12,S8,26.7495,Turbocharged,8,1,0,TwoWheelDriveRear,2,2,LargeCars,1,0
3.9,6,A4,37.3,NaturallyAspirated,4,1,0,TwoWheelDriveFront,1,1,LargeCars,1,0
3.9,6,A4,36.6,NaturallyAspirated,4,1,0,TwoWheelDriveFront,1,1,LargeCars,1,0
4.6,8,A4,31.9,NaturallyAspirated,4,1,0,TwoWheelDriveFront,2,2,LargeCars,0,0
4.6,8,A4,31.9,NaturallyAspirated,4,1,0,TwoWheelDriveFront,2,2,LargeCars,0,0
4.6,8,A4,31.9,NaturallyAspirated,4,1,0,TwoWheelDriveFront,2,2,LargeCars,0,0
4.6,8,A4,22.7,NaturallyAspirated,4,1,0,TwoWheelDriveFront,2,2,LargeCars,0,0
4.6,8,A4,24.5,NaturallyAspirated,4,1,0,TwoWheelDriveFront,2,2,LargeCars,0,0
3.5,6,A4,40.3,NaturallyAspirated,4,1,0,TwoWheelDriveFront,1,1,LargeCars,1,0
3.5,6,A4,41.2,NaturallyAspirated,4,1,0,TwoWheelDriveFront,1,1,LargeCars,1,0
3.9,6,A4,37.3,NaturallyAspirated,4,1,0,TwoWheelDriveFront,1,1,LargeCars,1,0
3.5,6,A5,32.1,NaturallyAspirated,5,1,0,AllWheelDrive,2,2,LargeCars,0,0
5.7,8,A5,31.9,NaturallyAspirated,5,1,0,AllWheelDrive,1,1,LargeCars,1,0
2.7,6,A4,35.7,NaturallyAspirated,4,1,0,TwoWheelDriveRear,2,2,LargeCars,0,0
3.5,6,A4,34.2,NaturallyAspirated,4,1,0,TwoWheelDriveRear,2,2,LargeCars,0,0
5.7,8,A5,34.5,NaturallyAspirated,5,1,0,TwoWheelDriveRear,1,1,LargeCars,1,0
6.1,8,A5,26.0,NaturallyAspirated,5,1,0,TwoWheelDriveRear,1,1,LargeCars,0,0
2.7,6,A4,35.7,NaturallyAspirated,4,1,0,TwoWheelDriveRear,2,2,LargeCars,0,0
3.5,6,A4,34.2,NaturallyAspirated,4,1,0,TwoWheelDriveRear,2,2,LargeCars,0,0
5.7,8,A5,34.5,NaturallyAspirated,5,1,0,TwoWheelDriveRear,1,1,LargeCars,1,0
6.1,8,A5,26.0,NaturallyAspirated,5,1,0,TwoWheelDriveRear,1,1,LargeCars,0,0
3.5,6,A5,32.1,NaturallyAspirated,5,1,0,AllWheelDrive,2,2,LargeCars,0,0
5.7,8,A5,31.9,NaturallyAspirated,5,1,0,AllWheelDrive,1,1,LargeCars,1,0
4.6,8,A4,33.3052,NaturallyAspirated,4,1,1,TwoWheelDriveRear,1,1,LargeCars,0,0
3.5,6,S6,34.9,NaturallyAspirated,6,1,1,FourWheelDrive,2,2,LargeCars,1,0
3.5,6,A6,34.7,Turbocharged,6,1,1,AllWheelDrive,2,2,LargeCars,1,0
3.5,6,S6,37.4,NaturallyAspirated,6,1,0,TwoWheelDriveFront,2,2,LargeCars,1,0
3.5,6,A6,27.8,NaturallyAspirated,6,1,0,TwoWheelDriveFront,2,2,LargeCars,1,0
2.4,4,M5,43.1043,NaturallyAspirated,5,0,0,TwoWheelDriveFront,2,2,LargeCars,1,1
2.4,4,A5,43.2916,NaturallyAspirated,5,1,0,TwoWheelDriveFront,2,2,LargeCars,1,1
3.5,6,A5,41.2,NaturallyAspirated,5,1,0,TwoWheelDriveFront,2,2,LargeCars,1,1
3.3,6,A5,36.2,NaturallyAspirated,5,1,0,TwoWheelDriveFront,2,2,LargeCars,1,0
3.8,6,A5,35.6,NaturallyAspirated,5,1,0,TwoWheelDriveFront,2,2,LargeCars,1,0
3.8,6,A6,38.3,NaturallyAspirated,6,1,0,TwoWheelDriveRear,2,2,LargeCars,1,0
4.6,8,A6,34.2,NaturallyAspirated,6,1,0,TwoWheelDriveRear,2,2,LargeCars,1,0
2.4,4,A5,44.4,NaturallyAspirated,5,1,0,TwoWheelDriveFront,2,2,LargeCars,1,0
2.4,4,M5,44.8,NaturallyAspirated,5,0,0,TwoWheelDriveFront,2,2,LargeCars,1,0
3.3,6,A5,40.1,NaturallyAspirated,5,1,0,TwoWheelDriveFront,2,2,LargeCars,1,0
3.5,6,S7,34.1997,NaturallyAspirated,7,1,0,TwoWheelDriveRear,2,2,LargeCars,1,0
3.5,6,S5,30.5499,NaturallyAspirated,5,1,0,AllWheelDrive,2,2,LargeCars,1,0
4.5,8,S5,29.6,NaturallyAspirated,5,1,0,TwoWheelDriveRear,2,2,LargeCars,1,0
4.5,8,S5,27.2,NaturallyAspirated,5,1,0,AllWheelDrive,2,2,LargeCars,1,0
5.0,8,S6,29.7559,Supercharged,6,1,0,TwoWheelDriveRear,2,2,LargeCars,1,0
5.0,8,S6,32.6701,NaturallyAspirated,6,1,0,TwoWheelDriveRear,2,2,LargeCars,1,1
5.0,8,S6,31.0736,NaturallyAspirated,6,1,0,TwoWheelDriveRear,2,2,LargeCars,1,1
4.6,8,A4,33.3052,NaturallyAspirated,4,1,1,TwoWheelDriveRear,1,1,LargeCars,0,0
3.5,6,A6,31.5,NaturallyAspirated,6,1,1,FourWheelDrive,2,2,LargeCars,1,0
3.5,6,A6,34.7,Turbocharged,6,1,1,FourWheelDrive,2,2,LargeCars,1,0
3.5,6,A6,33.0,NaturallyAspirated,6,1,1,TwoWheelDriveFront,2,2,LargeCars,1,0
4.6,8,A4,33.3052,NaturallyAspirated,4,1,1,TwoWheelDriveRear,1,1,LargeCars,0,0
4.2,8,A6,24.1837,NaturallyAspirated,6,0,0,TwoWheelDriveRear,2,2,LargeCars,1,0
4.7,8,A6,25.5102,NaturallyAspirated,6,0,0,TwoWheelDriveRear,2,2,LargeCars,1,0
5.5,12,A5,21.4,Turbocharged,5,1,0,TwoWheelDriveRear,2,1,LargeCars,1,0
6.0,12,A5,21.4,Turbocharged,5,1,0,TwoWheelDriveRear,2,1,LargeCars,1,0
6.0,12,A5,21.7,Turbocharged,5,1,0,TwoWheelDriveRear,2,1,LargeCars,1,0
5.5,8,A7,32.0,NaturallyAspirated,7,1,0,TwoWheelDriveRear,2,2,LargeCars,1,0
5.5,8,A7,29.8,NaturallyAspirated,7,1,0,FourWheelDrive,2,2,LargeCars,1,0
5.5,12,A5,23.9,Turbocharged,5,1,0,TwoWheelDriveRear,2,1,LargeCars,1,0
6.3,8,A7,24.6,NaturallyAspirated,7,1,0,TwoWheelDriveRear,2,2,LargeCars,1,0
6.0,12,A5,23.1,Turbocharged,5,1,0,TwoWheelDriveRear,2,1,LargeCars,1,0
3.5,6,A7,35.0,NaturallyAspirated,7,1,0,TwoWheelDriveRear,2,2,LargeCars,1,0
4.8,8,A7,33.2603,NaturallyAspirated,7,1,0,AllWheelDrive,2,2,LargeCars,1,1
4.8,8,A7,33.2603,NaturallyAspirated,7,1,0,TwoWheelDriveRear,2,2,LargeCars,1,1
4.8,8,A7,32.0263,Turbocharged,7,1,0,AllWheelDrive,2,2,LargeCars,1,1
6.6,12,S8,27.3,Turbocharged,8,1,0,TwoWheelDriveRear,2,2,LargeCars,1,0
6.7,12,S6,24.2,NaturallyAspirated,6,1,0,TwoWheelDriveRear,2,2,LargeCars,1,0
3.5,6,S6,39.8,NaturallyAspirated,6,1,0,TwoWheelDriveFront,2,2,LargeCars,1,0
2.0,4,M6,40.4003,Turbocharged,6,0,0,TwoWheelDriveFront,2,2,SmallStationWagons,1,0
2.0,4,S6,38.8702,Turbocharged,6,0,0,TwoWheelDriveFront,2,2,SmallStationWagons,1,0
2.0,4,S6,60.1,Turbocharged,6,0,0,TwoWheelDriveFront,2,2,SmallStationWagons,0,0
2.0,4,S6,37.1,Turbocharged,6,0,0,AllWheelDrive,2,2,SmallStationWagons,1,0
2.0,4,S6,37.7989,Turbocharged,6,1,0,AllWheelDrive,2,2,SmallStationWagons,1,1
3.0,6,S6,38.1696,NaturallyAspirated,6,1,0,TwoWheelDriveRear,2,2,SmallStationWagons,1,1
3.0,6,M6,36.798,NaturallyAspirated,6,1,0,TwoWheelDriveRear,2,2,SmallStationWagons,1,1
3.0,6,S6,35.5404,NaturallyAspirated,6,1,0,AllWheelDrive,2,2,SmallStationWagons,1,1
3.0,6,M6,35.4606,NaturallyAspirated,6,0,0,AllWheelDrive,2,2,SmallStationWagons,1,1
3.0,6,S6,38.3,NaturallyAspirated,6,1,0,TwoWheelDriveRear,2,2,SmallStationWagons,1,0
3.6,6,S6,37.0,NaturallyAspirated,6,1,0,TwoWheelDriveRear,2,2,SmallStationWagons,1,0
3.0,6,S6,36.1,NaturallyAspirated,6,1,0,AllWheelDrive,2,2,SmallStationWagons,1,0
3.6,6,S6,37.2,NaturallyAspirated,6,1,0,AllWheelDrive,2,2,SmallStationWagons,1,0
2.0,4,M5,43.9,NaturallyAspirated,5,0,0,TwoWheelDriveFront,2,2,SmallStationWagons,1,0
2.0,4,AV,38.0,NaturallyAspirated,1,1,0,TwoWheelDriveFront,2,2,SmallStationWagons,1,0
2.4,4,AV,35.3,NaturallyAspirated,1,1,0,TwoWheelDriveFront,2,2,SmallStationWagons,1,0
2.4,4,M5,40.1,NaturallyAspirated,5,0,0,TwoWheelDriveFront,2,2,SmallStationWagons,1,0
1.5,4,M5,46.2622,NaturallyAspirated,5,0,0,TwoWheelDriveFront,2,2,SmallStationWagons,1,0
1.5,4,A5,49.3,NaturallyAspirated,5,1,0,TwoWheelDriveFront,2,2,SmallStationWagons,1,0
1.5,4,S5,47.4,NaturallyAspirated,5,1,0,TwoWheelDriveFront,2,2,SmallStationWagons,1,0
2.0,4,A4,42.6,NaturallyAspirated,4,1,0,TwoWheelDriveFront,2,2,SmallStationWagons,1,0
2.0,4,M5,43.5,NaturallyAspirated,5,0,0,TwoWheelDriveFront,2,2,SmallStationWagons,1,0
3.5,6,S5,33.3,NaturallyAspirated,5,1,0,TwoWheelDriveRear,2,2,SmallStationWagons,1,0
3.5,6,S5,32.349000000000004,NaturallyAspirated,5,1,0,AllWheelDrive,2,2,SmallStationWagons,1,0
1.6,4,A4,43.5,NaturallyAspirated,4,1,0,TwoWheelDriveFront,2,2,SmallStationWagons,1,0
1.6,4,M5,44.2,NaturallyAspirated,5,0,0,TwoWheelDriveFront,2,2,SmallStationWagons,1,0
2.0,4,A4,41.8,NaturallyAspirated,4,1,1,TwoWheelDriveFront,2,2,SmallStationWagons,1,0
2.0,4,M5,42.8,NaturallyAspirated,5,0,0,TwoWheelDriveFront,2,2,SmallStationWagons,1,0
2.0,4,AM6,34.7,Turbocharged,6,1,0,AllWheelDrive,2,2,SmallStationWagons,1,0
2.4,4,M5,37.2218,NaturallyAspirated,5,0,0,TwoWheelDriveFront,2,2,SmallStationWagons,1,0
2.4,4,AVS6,37.4911,NaturallyAspirated,1,0,0,TwoWheelDriveFront,2,2,SmallStationWagons,1,0
1.8,4,M6,41.799,NaturallyAspirated,6,0,0,TwoWheelDriveFront,2,2,SmallStationWagons,1,0
1.8,4,AV,43.2609,NaturallyAspirated,1,1,0,TwoWheelDriveFront,2,2,SmallStationWagons,1,0
1.8,4,A4,43.7,NaturallyAspirated,4,1,0,TwoWheelDriveFront,2,2,SmallStationWagons,1,0
1.8,4,M5,44.8,NaturallyAspirated,5,0,0,TwoWheelDriveFront,2,2,SmallStationWagons,1,0
2.4,4,S5,40.0,NaturallyAspirated,5,1,0,TwoWheelDriveFront,2,2,SmallStationWagons,1,0
2.4,4,M5,38.6,NaturallyAspirated,5,0,0,TwoWheelDriveFront,2,2,SmallStationWagons,1,0
2.4,4,A4,35.5877,NaturallyAspirated,4,1,0,AllWheelDrive,2,2,SmallStationWagons,1,0
2.0,4,S5,37.5,Turbocharged,5,1,0,TwoWheelDriveFront,2,2,SmallStationWagons,0,0
2.0,4,M6,43.1,Turbocharged,6,0,0,TwoWheelDriveFront,2,2,SmallStationWagons,0,0
2.0,4,M6,41.0456,Turbocharged,6,0,0,AllWheelDrive,2,2,SmallStationWagons,0,0
2.0,4,S6,38.4627,Turbocharged,6,1,0,AllWheelDrive,2,2,SmallStationWagons,0,0
2.0,4,S5,38.2,Turbocharged,5,1,0,AllWheelDrive,2,2,SmallStationWagons,0,0
2.5,4,M5,37.071,NaturallyAspirated,5,0,0,AllWheelDrive,2,2,SmallStationWagons,0,1
2.5,4,S4,35.9226,NaturallyAspirated,4,1,0,AllWheelDrive,2,2,SmallStationWagons,0,1
2.5,4,M5,34.1435,Turbocharged,5,0,0,AllWheelDrive,2,2,SmallStationWagons,1,0
2.5,4,S4,32.9103,Turbocharged,4,1,0,AllWheelDrive,2,2,SmallStationWagons,1,0
2.5,4,M6,31.8,Turbocharged,6,0,0,AllWheelDrive,2,2,SmallStationWagons,1,0
2.0,4,M6,42.3461,NaturallyAspirated,6,0,0,TwoWheelDriveFront,2,2,SmallStationWagons,1,0
2.0,4,AV,41.5661,NaturallyAspirated,1,1,0,TwoWheelDriveFront,2,2,SmallStationWagons,1,0
2.0,4,M6,41.7078,NaturallyAspirated,6,0,0,AllWheelDrive,2,2,SmallStationWagons,1,0
2.0,4,AV,40.2345,NaturallyAspirated,1,1,0,AllWheelDrive,2,2,SmallStationWagons,1,0
1.8,4,A4,43.629,NaturallyAspirated,4,1,0,TwoWheelDriveFront,2,2,SmallStationWagons,1,0
1.8,4,M5,44.7393,NaturallyAspirated,5,0,0,TwoWheelDriveFront,2,2,SmallStationWagons,1,0
2.4,4,A4,36.1596,NaturallyAspirated,4,1,0,AllWheelDrive,2,2,SmallStationWagons,1,0
2.4,4,M5,38.9575,NaturallyAspirated,5,0,0,TwoWheelDriveFront,2,2,SmallStationWagons,1,0
2.4,4,S5,40.2796,NaturallyAspirated,5,1,0,TwoWheelDriveFront,2,2,SmallStationWagons,1,0
2.4,4,M5,38.7,NaturallyAspirated,5,0,0,TwoWheelDriveFront,2,2,SmallStationWagons,1,0
2.4,4,S4,38.7,NaturallyAspirated,4,1,0,TwoWheelDriveFront,2,2,SmallStationWagons,1,0
2.0,4,S6,60.1,Turbocharged,6,0,0,TwoWheelDriveFront,2,2,SmallStationWagons,0,0
2.0,4,M6,58.535,Turbocharged,6,0,0,TwoWheelDriveFront,2,2,SmallStationWagons,0,0
2.5,5,M5,39.5714,NaturallyAspirated,5,0,0,TwoWheelDriveFront,2,2,SmallStationWagons,1,0
2.5,5,S6,40.0169,NaturallyAspirated,6,0,0,TwoWheelDriveFront,2,2,SmallStationWagons,1,0
2.5,5,S5,37.6,Turbocharged,5,1,0,AllWheelDrive,2,2,SmallStationWagons,1,0
2.5,5,M6,37.5,Turbocharged,6,0,0,AllWheelDrive,2,2,SmallStationWagons,1,0
2.4,5,S5,39.348,NaturallyAspirated,5,1,0,TwoWheelDriveFront,2,2,SmallStationWagons,1,0
2.5,5,M6,40.4,Turbocharged,6,0,0,TwoWheelDriveFront,2,2,SmallStationWagons,1,0
2.5,5,S5,40.6,Turbocharged,5,1,0,TwoWheelDriveFront,2,2,SmallStationWagons,1,0
3.0,6,S6,34.7286,Supercharged,6,1,0,AllWheelDrive,2,2,Other,1,0
3.0,6,M6,32.5289,Turbocharged,6,0,0,AllWheelDrive,2,2,Other,1,0
3.0,6,S6,33.7229,Turbocharged,6,1,0,AllWheelDrive,2,2,Other,1,0
2.4,4,A4,37.0711,NaturallyAspirated,4,1,0,TwoWheelDriveFront,2,2,Other,1,0
2.7,6,A5,35.9,NaturallyAspirated,5,1,0,TwoWheelDriveFront,2,2,Other,1,0
2.0,4,S6,42.0,Turbocharged,6,0,0,TwoWheelDriveFront,2,2,Other,1,0
3.2,6,S6,36.4,NaturallyAspirated,6,1,0,TwoWheelDriveFront,2,2,Other,1,0
2.9,4,A4,34.1514,NaturallyAspirated,4,1,0,TwoWheelDriveRear,2,2,SmallPickupTrucks2WD,0,0
2.9,4,M5,35.3237,NaturallyAspirated,5,0,0,TwoWheelDriveRear,2,2,SmallPickupTrucks2WD,0,0
3.7,5,A4,31.8217,NaturallyAspirated,4,1,0,TwoWheelDriveRear,2,2,SmallPickupTrucks2WD,0,0
5.3,8,A4,27.9,NaturallyAspirated,4,1,0,TwoWheelDriveRear,1,1,SmallPickupTrucks2WD,1,0
3.7,5,A4,27.0,NaturallyAspirated,4,1,0,TwoWheelDriveRear,2,2,SmallPickupTrucks2WD,0,0
2.9,4,A4,34.3,NaturallyAspirated,4,1,0,TwoWheelDriveRear,2,2,SmallPickupTrucks2WD,0,0
2.9,4,M5,35.5,NaturallyAspirated,5,0,0,TwoWheelDriveRear,2,2,SmallPickupTrucks2WD,0,0
3.7,5,A4,31.6,NaturallyAspirated,4,1,0,TwoWheelDriveRear,2,2,SmallPickupTrucks2WD,0,0
5.3,8,A4,27.9,NaturallyAspirated,4,1,0,TwoWheelDriveRear,1,1,SmallPickupTrucks2WD,1,0
2.3,4,A5,32.8232,NaturallyAspirated,5,1,1,TwoWheelDriveRear,2,2,SmallPickupTrucks2WD,0,0
2.3,4,M5,37.7,NaturallyAspirated,5,0,1,TwoWheelDriveRear,2,2,SmallPickupTrucks2WD,0,0
4.0,6,M5,28.6,NaturallyAspirated,5,0,1,TwoWheelDriveRear,1,1,SmallPickupTrucks2WD,0,0
4.0,6,A5,28.5,NaturallyAspirated,5,1,1,TwoWheelDriveRear,1,1,SmallPickupTrucks2WD,0,0
2.9,4,A4,34.1796,NaturallyAspirated,4,1,0,TwoWheelDriveRear,2,2,SmallPickupTrucks2WD,0,0
2.9,4,M5,35.2582,NaturallyAspirated,5,0,0,TwoWheelDriveRear,2,2,SmallPickupTrucks2WD,0,0
3.7,5,A4,31.8467,NaturallyAspirated,4,1,0,TwoWheelDriveRear,2,2,SmallPickupTrucks2WD,0,0
5.3,8,A4,27.9,NaturallyAspirated,4,1,0,TwoWheelDriveRear,1,1,SmallPickupTrucks2WD,1,0
3.7,5,A4,27.0,NaturallyAspirated,4,1,0,TwoWheelDriveRear,2,2,SmallPickupTrucks2WD,0,0
2.9,4,A4,34.3,NaturallyAspirated,4,1,0,TwoWheelDriveRear,2,2,SmallPickupTrucks2WD,0,0
2.9,4,M5,35.5,NaturallyAspirated,5,0,0,TwoWheelDriveRear,2,2,SmallPickupTrucks2WD,0,0
3.7,5,A4,31.6,NaturallyAspirated,4,1,0,TwoWheelDriveRear,2,2,SmallPickupTrucks2WD,0,0
5.3,8,A4,27.9,NaturallyAspirated,4,1,0,TwoWheelDriveRear,1,1,SmallPickupTrucks2WD,1,0
2.5,4,A5,30.1688,NaturallyAspirated,5,1,0,TwoWheelDriveRear,2,2,SmallPickupTrucks2WD,1,0
2.5,4,M5,31.7,NaturallyAspirated,5,0,0,TwoWheelDriveRear,2,2,SmallPickupTrucks2WD,1,0
4.0,6,A5,27.7366,NaturallyAspirated,5,1,0,TwoWheelDriveRear,2,2,SmallPickupTrucks2WD,1,0
4.0,6,M6,27.5894,NaturallyAspirated,6,0,0,TwoWheelDriveRear,2,2,SmallPickupTrucks2WD,1,0
2.5,4,A5,30.2,NaturallyAspirated,5,1,0,TwoWheelDriveRear,2,2,SmallPickupTrucks2WD,1,0
2.5,4,M5,31.8,NaturallyAspirated,5,0,0,TwoWheelDriveRear,2,2,SmallPickupTrucks2WD,1,0
4.0,6,A5,27.7857,NaturallyAspirated,5,1,0,TwoWheelDriveRear,2,2,SmallPickupTrucks2WD,1,0
2.7,4,A4,35.4291,NaturallyAspirated,4,1,0,TwoWheelDriveRear,2,2,SmallPickupTrucks2WD,1,0
2.7,4,M5,36.1463,NaturallyAspirated,5,0,0,TwoWheelDriveRear,2,2,SmallPickupTrucks2WD,1,0
4.0,6,A5,29.2,NaturallyAspirated,5,1,0,TwoWheelDriveRear,2,2,SmallPickupTrucks2WD,1,0
4.0,6,M6,25.3,NaturallyAspirated,6,0,0,TwoWheelDriveRear,2,2,SmallPickupTrucks2WD,1,0
2.9,4,A4,32.4,NaturallyAspirated,4,1,0,FourWheelDrive,2,2,SmallPickupTrucks4WD,0,0
2.9,4,M5,34.1,NaturallyAspirated,5,0,0,FourWheelDrive,2,2,SmallPickupTrucks4WD,0,0
3.7,5,A4,31.4112,NaturallyAspirated,4,1,0,FourWheelDrive,2,2,SmallPickupTrucks4WD,0,0
5.3,8,A4,26.6,NaturallyAspirated,4,1,0,FourWheelDrive,1,1,SmallPickupTrucks4WD,1,0
3.7,5,A4,29.7999,NaturallyAspirated,4,1,0,FourWheelDrive,2,2,SmallPickupTrucks4WD,0,0
3.7,5,A4,29.7999,NaturallyAspirated,4,1,0,FourWheelDrive,2,2,SmallPickupTrucks4WD,0,0
5.3,8,A4,26.6,NaturallyAspirated,4,1,0,FourWheelDrive,1,1,SmallPickupTrucks4WD,1,0
4.0,6,M5,26.2,NaturallyAspirated,5,0,1,FourWheelDrive,1,1,SmallPickupTrucks4WD,0,0
4.0,6,A5,24.6648,NaturallyAspirated,5,1,1,FourWheelDrive,1,1,SmallPickupTrucks4WD,0,0
2.9,4,A4,32.4,NaturallyAspirated,4,1,0,FourWheelDrive,2,2,SmallPickupTrucks4WD,0,0
2.9,4,M5,34.1,NaturallyAspirated,5,0,0,FourWheelDrive,2,2,SmallPickupTrucks4WD,0,0
3.7,5,A4,31.3858,NaturallyAspirated,4,1,0,FourWheelDrive,2,2,SmallPickupTrucks4WD,0,0
5.3,8,A4,26.6,NaturallyAspirated,4,1,0,FourWheelDrive,1,1,SmallPickupTrucks4WD,1,0
3.7,5,A4,29.7999,NaturallyAspirated,4,1,0,FourWheelDrive,2,2,SmallPickupTrucks4WD,0,0
3.7,5,A4,29.7999,NaturallyAspirated,4,1,0,FourWheelDrive,2,2,SmallPickupTrucks4WD,0,0
5.3,8,A4,26.6,NaturallyAspirated,4,1,0,FourWheelDrive,1,1,SmallPickupTrucks4WD,1,0
4.0,6,M6,26.82,NaturallyAspirated,6,0,0,FourWheelDrive,2,2,SmallPickupTrucks4WD,1,0
4.0,6,A5,26.6538,NaturallyAspirated,5,1,0,FourWheelDrive,2,2,SmallPickupTrucks4WD,1,0
4.0,6,A5,26.3846,NaturallyAspirated,5,1,0,FourWheelDrive,2,2,SmallPickupTrucks4WD,1,0
2.7,4,M5,30.3,NaturallyAspirated,5,0,0,ParttimeFourWheelDrive,2,2,SmallPickupTrucks4WD,1,0
4.0,6,A5,28.3,NaturallyAspirated,5,1,0,ParttimeFourWheelDrive,2,2,SmallPickupTrucks4WD,1,0
4.0,6,M6,24.4,NaturallyAspirated,6,0,0,ParttimeFourWheelDrive,2,2,SmallPickupTrucks4WD,1,0
4.3,6,A4,27.8055,NaturallyAspirated,4,1,0,TwoWheelDriveRear,1,1,StandardPickupTrucks2WD,0,0
4.8,8,A4,26.2283,NaturallyAspirated,4,1,0,TwoWheelDriveRear,1,1,StandardPickupTrucks2WD,1,0
5.3,8,A6,29.3708,NaturallyAspirated,6,1,0,TwoWheelDriveRear,1,1,StandardPickupTrucks2WD,1,0
6.2,8,A6,26.1,NaturallyAspirated,6,1,0,TwoWheelDriveRear,1,1,StandardPickupTrucks2WD,1,0
6.0,8,AV,30.5,NaturallyAspirated,1,0,0,TwoWheelDriveRear,1,1,StandardPickupTrucks2WD,1,0
5.3,8,A6,30.4,NaturallyAspirated,6,1,0,TwoWheelDriveRear,1,1,StandardPickupTrucks2WD,1,0
3.7,6,A4,28.1,NaturallyAspirated,4,1,0,TwoWheelDriveRear,1,1,StandardPickupTrucks2WD,0,0
4.7,8,A5,25.6,NaturallyAspirated,5,1,0,TwoWheelDriveRear,1,1,StandardPickupTrucks2WD,0,0
3.7,6,A4,27.8,NaturallyAspirated,4,1,0,TwoWheelDriveRear,1,1,StandardPickupTrucks2WD,0,0
4.7,8,A5,25.6,NaturallyAspirated,5,1,0,TwoWheelDriveRear,1,1,StandardPickupTrucks2WD,0,0
5.7,8,A5,27.1,NaturallyAspirated,5,1,0,TwoWheelDriveRear,1,1,StandardPickupTrucks2WD,1,0
4.0,6,A5,27.8,NaturallyAspirated,5,1,1,TwoWheelDriveRear,1,1,StandardPickupTrucks2WD,0,0
4.6,8,A6,29.0,NaturallyAspirated,6,1,1,TwoWheelDriveRear,2,1,StandardPickupTrucks2WD,0,0
5.4,8,A6,27.0426,NaturallyAspirated,6,1,0,TwoWheelDriveRear,2,1,StandardPickupTrucks2WD,0,0
4.6,8,A4,26.7829,NaturallyAspirated,4,1,0,TwoWheelDriveRear,1,1,StandardPickupTrucks2WD,0,0
4.6,8,A6,28.4633,NaturallyAspirated,6,1,1,TwoWheelDriveRear,2,1,StandardPickupTrucks2WD,0,0
4.3,6,A4,27.8522,NaturallyAspirated,4,1,0,TwoWheelDriveRear,1,1,StandardPickupTrucks2WD,0,0
4.8,8,A4,26.2125,NaturallyAspirated,4,1,0,TwoWheelDriveRear,1,1,StandardPickupTrucks2WD,1,0
5.3,8,A6,29.3645,NaturallyAspirated,6,1,0,TwoWheelDriveRear,1,1,StandardPickupTrucks2WD,1,0
6.2,8,A6,26.1,NaturallyAspirated,6,1,0,TwoWheelDriveRear,1,1,StandardPickupTrucks2WD,1,0
6.0,8,AV,30.5,NaturallyAspirated,1,0,0,TwoWheelDriveRear,1,1,StandardPickupTrucks2WD,1,0
5.3,8,A6,30.4,NaturallyAspirated,6,1,0,TwoWheelDriveRear,1,1,StandardPickupTrucks2WD,1,0
5.6,8,A5,24.9815,NaturallyAspirated,5,1,0,TwoWheelDriveRear,2,2,StandardPickupTrucks2WD,1,0
5.6,8,A5,25.0089,NaturallyAspirated,5,1,0,TwoWheelDriveRear,2,2,StandardPickupTrucks2WD,1,0
4.0,6,S5,25.7499,NaturallyAspirated,5,1,0,TwoWheelDriveRear,2,2,StandardPickupTrucks2WD,1,0
4.6,8,S6,28.0212,NaturallyAspirated,6,1,0,TwoWheelDriveRear,2,2,StandardPickupTrucks2WD,1,0
5.7,8,S6,25.5551,NaturallyAspirated,6,1,0,TwoWheelDriveRear,2,2,StandardPickupTrucks2WD,1,0
4.3,6,A4,24.1937,NaturallyAspirated,4,1,0,FourWheelDrive,1,1,StandardPickupTrucks4WD,0,0
4.8,8,A4,24.1496,NaturallyAspirated,4,1,0,FourWheelDrive,1,1,StandardPickupTrucks4WD,1,0
5.3,8,A6,29.0205,NaturallyAspirated,6,1,0,FourWheelDrive,1,1,StandardPickupTrucks4WD,1,0
6.2,8,A6,25.7999,NaturallyAspirated,6,1,0,FourWheelDrive,1,1,StandardPickupTrucks4WD,1,0
6.0,8,AV,30.2999,NaturallyAspirated,1,0,0,FourWheelDrive,1,1,StandardPickupTrucks4WD,1,0
3.7,6,A4,24.4,NaturallyAspirated,4,1,0,FourWheelDrive,1,1,StandardPickupTrucks4WD,0,0
4.7,8,A5,25.6,NaturallyAspirated,5,1,0,FourWheelDrive,1,1,StandardPickupTrucks4WD,0,0
4.7,8,A5,24.5,NaturallyAspirated,5,1,0,FourWheelDrive,1,1,StandardPickupTrucks4WD,1,0
5.7,8,A5,25.4,NaturallyAspirated,5,1,0,FourWheelDrive,1,1,StandardPickupTrucks4WD,1,0
4.0,6,A5,25.7535,NaturallyAspirated,5,1,1,FourWheelDrive,1,1,StandardPickupTrucks4WD,0,0
4.6,8,A6,26.6622,NaturallyAspirated,6,1,1,FourWheelDrive,2,1,StandardPickupTrucks4WD,0,0
5.4,8,A6,24.7939,NaturallyAspirated,6,1,0,FourWheelDrive,2,1,StandardPickupTrucks4WD,0,0
4.6,8,A6,27.1061,NaturallyAspirated,6,1,0,FourWheelDrive,2,1,StandardPickupTrucks4WD,0,0
4.6,8,A4,25.2298,NaturallyAspirated,4,1,0,FourWheelDrive,1,1,StandardPickupTrucks4WD,0,0
4.3,6,A4,24.1937,NaturallyAspirated,4,1,0,FourWheelDrive,1,1,StandardPickupTrucks4WD,0,0
4.8,8,A4,24.1534,NaturallyAspirated,4,1,0,FourWheelDrive,1,1,StandardPickupTrucks4WD,1,0
5.3,8,A6,29.0185,NaturallyAspirated,6,1,0,FourWheelDrive,1,1,StandardPickupTrucks4WD,1,0
6.2,8,A6,25.8026,NaturallyAspirated,6,1,0,FourWheelDrive,1,1,StandardPickupTrucks4WD,1,0
6.0,8,AV,30.2999,NaturallyAspirated,1,0,0,FourWheelDrive,1,1,StandardPickupTrucks4WD,1,0
6.2,8,A6,25.7999,NaturallyAspirated,6,1,0,AllWheelDrive,1,1,StandardPickupTrucks4WD,1,0
3.5,6,A5,28.2,NaturallyAspirated,5,1,0,AllWheelDrive,2,2,StandardPickupTrucks4WD,1,1
3.7,5,M5,25.2,NaturallyAspirated,5,0,0,FourWheelDrive,2,2,StandardPickupTrucks4WD,0,0
3.7,5,A4,25.1,NaturallyAspirated,4,1,0,FourWheelDrive,2,2,StandardPickupTrucks4WD,0,0
5.3,8,A4,22.2999,NaturallyAspirated,4,1,0,FourWheelDrive,1,1,StandardPickupTrucks4WD,1,0
5.6,8,A5,23.061,NaturallyAspirated,5,1,0,FourWheelDrive,2,2,StandardPickupTrucks4WD,1,0
5.6,8,A5,23.1109,NaturallyAspirated,5,1,0,FourWheelDrive,2,2,StandardPickupTrucks4WD,1,0
4.6,8,S6,26.2295,NaturallyAspirated,6,1,0,ParttimeFourWheelDrive,2,2,StandardPickupTrucks4WD,1,0
5.7,8,S6,23.4318,NaturallyAspirated,6,1,0,ParttimeFourWheelDrive,2,2,StandardPickupTrucks4WD,1,0
5.7,8,S6,23.9993,NaturallyAspirated,6,1,0,ParttimeFourWheelDrive,2,2,StandardPickupTrucks4WD,1,0
4.3,6,A4,27.6,NaturallyAspirated,4,1,0,TwoWheelDriveRear,1,1,VansCargoTypes,0,0
5.3,8,A4,24.2999,NaturallyAspirated,4,1,0,TwoWheelDriveRear,1,1,VansCargoTypes,1,0
5.3,8,A4,23.2999,NaturallyAspirated,4,1,0,TwoWheelDriveRear,1,1,VansCargoTypes,1,0
5.3,8,A4,22.7619,NaturallyAspirated,4,1,0,AllWheelDrive,1,1,VansCargoTypes,1,0
5.3,8,A4,22.9,NaturallyAspirated,4,1,0,AllWheelDrive,1,1,VansCargoTypes,1,0
4.3,6,A4,27.6,NaturallyAspirated,4,1,0,TwoWheelDriveRear,1,1,VansCargoTypes,0,0
5.3,8,A4,24.2999,NaturallyAspirated,4,1,0,TwoWheelDriveRear,1,1,VansCargoTypes,1,0
5.3,8,A4,23.2999,NaturallyAspirated,4,1,0,TwoWheelDriveRear,1,1,VansCargoTypes,1,0
5.3,8,A4,22.7619,NaturallyAspirated,4,1,0,AllWheelDrive,1,1,VansCargoTypes,1,0
5.3,8,A4,22.9,NaturallyAspirated,4,1,0,AllWheelDrive,1,1,VansCargoTypes,1,0
5.3,8,A4,23.2999,NaturallyAspirated,4,1,0,TwoWheelDriveRear,1,1,VansPassengerType,1,0
5.3,8,A4,22.9,NaturallyAspirated,4,1,0,AllWheelDrive,1,1,VansPassengerType,1,0
5.3,8,A4,23.2999,NaturallyAspirated,4,1,0,TwoWheelDriveRear,1,1,VansPassengerType,1,0
5.3,8,A4,22.9,NaturallyAspirated,4,1,0,AllWheelDrive,1,1,VansPassengerType,1,0
2.0,4,A4,35.0,NaturallyAspirated,4,1,1,TwoWheelDriveFront,2,2,Other,0,0
3.3,6,A4,33.0988,NaturallyAspirated,4,1,0,TwoWheelDriveFront,1,1,SpecialPurposeVehicleminivan2WD,0,0
3.8,6,A6,31.9,NaturallyAspirated,6,1,0,TwoWheelDriveFront,1,1,SpecialPurposeVehicleminivan2WD,0,0
4.0,6,A6,35.2,NaturallyAspirated,6,1,0,TwoWheelDriveFront,2,2,SpecialPurposeVehicleminivan2WD,0,0
3.3,6,A4,33.0988,NaturallyAspirated,4,1,0,TwoWheelDriveFront,1,1,SpecialPurposeVehicleminivan2WD,0,0
3.8,6,A6,31.9,NaturallyAspirated,6,1,0,TwoWheelDriveFront,1,1,SpecialPurposeVehicleminivan2WD,0,0
4.0,6,A6,35.2,NaturallyAspirated,6,1,0,TwoWheelDriveFront,2,2,SpecialPurposeVehicleminivan2WD,0,0
3.5,6,A5,35.5,NaturallyAspirated,5,1,0,TwoWheelDriveFront,2,2,SpecialPurposeVehicleminivan2WD,1,0
3.5,6,A5,32.4,NaturallyAspirated,5,1,0,TwoWheelDriveFront,2,2,SpecialPurposeVehicleminivan2WD,1,0
3.8,6,A5,32.4,NaturallyAspirated,5,1,0,TwoWheelDriveFront,2,2,SpecialPurposeVehicleminivan2WD,1,0
3.8,6,A5,32.4,NaturallyAspirated,5,1,0,TwoWheelDriveFront,2,2,SpecialPurposeVehicleminivan2WD,1,0
2.3,4,M5,39.2,NaturallyAspirated,5,0,0,TwoWheelDriveFront,2,2,SpecialPurposeVehicleminivan2WD,1,0
2.3,4,S5,38.1,NaturallyAspirated,5,1,0,TwoWheelDriveFront,2,2,SpecialPurposeVehicleminivan2WD,1,0
3.5,6,A5,34.0,NaturallyAspirated,5,1,0,TwoWheelDriveFront,2,2,SpecialPurposeVehicleminivan2WD,1,0
3.8,6,A6,31.9,NaturallyAspirated,6,1,0,TwoWheelDriveFront,1,1,SpecialPurposeVehicleminivan2WD,0,0
4.0,6,A6,35.2,NaturallyAspirated,6,1,0,TwoWheelDriveFront,2,2,SpecialPurposeVehicleminivan2WD,0,0
3.5,6,A5,29.2,NaturallyAspirated,5,1,0,AllWheelDrive,2,2,Other,1,0
2.3,4,S5,34.4,Turbocharged,5,1,0,TwoWheelDriveFront,2,2,SpecialPurposeVehicleSUV2WD,1,1
3.6,6,A6,33.0,NaturallyAspirated,6,1,0,TwoWheelDriveFront,2,2,SpecialPurposeVehicleSUV2WD,1,0
6.2,8,A6,28.4,NaturallyAspirated,6,1,0,TwoWheelDriveRear,1,1,SpecialPurposeVehicleSUV2WD,1,0
6.0,8,AV,30.5,NaturallyAspirated,1,0,0,TwoWheelDriveRear,1,1,SpecialPurposeVehicleSUV2WD,1,0
6.2,8,A6,28.4,NaturallyAspirated,6,1,0,TwoWheelDriveRear,1,1,SpecialPurposeVehicleSUV2WD,1,0
3.0,6,S6,34.5,NaturallyAspirated,6,1,0,TwoWheelDriveFront,2,2,SpecialPurposeVehicleSUV2WD,1,0
5.3,8,A6,28.9935,NaturallyAspirated,6,1,0,TwoWheelDriveRear,1,1,SpecialPurposeVehicleSUV2WD,1,0
6.2,8,A6,26.0,NaturallyAspirated,6,1,0,TwoWheelDriveRear,1,1,SpecialPurposeVehicleSUV2WD,1,0
5.3,8,A6,28.9935,NaturallyAspirated,6,1,0,TwoWheelDriveRear,1,1,SpecialPurposeVehicleSUV2WD,1,0
6.2,8,A6,26.0,NaturallyAspirated,6,1,0,TwoWheelDriveRear,1,1,SpecialPurposeVehicleSUV2WD,1,0
5.3,8,A6,28.9935,NaturallyAspirated,6,1,0,TwoWheelDriveRear,1,1,SpecialPurposeVehicleSUV2WD,1,0
6.0,8,AV,30.5,NaturallyAspirated,1,0,0,TwoWheelDriveRear,1,1,SpecialPurposeVehicleSUV2WD,1,0
2.4,4,A6,45.1,NaturallyAspirated,6,1,0,TwoWheelDriveFront,2,2,SpecialPurposeVehicleSUV2WD,1,0
3.0,6,A6,34.5482,NaturallyAspirated,6,1,0,TwoWheelDriveFront,2,2,SpecialPurposeVehicleSUV2WD,1,0
2.0,4,A4,40.3,Turbocharged,4,1,0,TwoWheelDriveFront,2,2,SpecialPurposeVehicleSUV2WD,1,0
2.0,4,M5,40.6,Turbocharged,5,0,0,TwoWheelDriveFront,2,2,SpecialPurposeVehicleSUV2WD,1,0
2.2,4,A4,42.3991,NaturallyAspirated,4,1,0,TwoWheelDriveFront,2,2,SpecialPurposeVehicleSUV2WD,1,0
2.2,4,M5,44.9991,NaturallyAspirated,5,0,0,TwoWheelDriveFront,2,2,SpecialPurposeVehicleSUV2WD,1,0
2.4,4,M5,41.9,NaturallyAspirated,5,0,0,TwoWheelDriveFront,2,2,SpecialPurposeVehicleSUV2WD,1,0
2.4,4,A4,41.5,NaturallyAspirated,4,1,0,TwoWheelDriveFront,2,2,SpecialPurposeVehicleSUV2WD,1,0
2.2,4,A4,42.3991,NaturallyAspirated,4,1,0,TwoWheelDriveFront,2,2,SpecialPurposeVehicleSUV2WD,1,0
2.2,4,M5,44.9991,NaturallyAspirated,5,0,0,TwoWheelDriveFront,2,2,SpecialPurposeVehicleSUV2WD,1,0
2.4,4,M5,41.9,NaturallyAspirated,5,0,0,TwoWheelDriveFront,2,2,SpecialPurposeVehicleSUV2WD,1,0
2.4,4,A4,41.5,NaturallyAspirated,4,1,0,TwoWheelDriveFront,2,2,SpecialPurposeVehicleSUV2WD,1,0
3.6,6,A6,33.0,NaturallyAspirated,6,1,0,TwoWheelDriveFront,2,2,SpecialPurposeVehicleSUV2WD,1,0
2.4,4,A4,34.1,NaturallyAspirated,4,1,0,TwoWheelDriveFront,2,2,SpecialPurposeVehicleSUV2WD,0,0
2.4,4,A4,35.0,NaturallyAspirated,4,1,0,TwoWheelDriveFront,2,2,SpecialPurposeVehicleSUV2WD,1,0
3.5,6,A6,33.2,NaturallyAspirated,6,1,0,TwoWheelDriveFront,2,2,SpecialPurposeVehicleSUV2WD,0,0
3.7,6,A4,30.5,NaturallyAspirated,4,1,0,TwoWheelDriveRear,1,1,SpecialPurposeVehicleSUV2WD,0,0
4.0,6,A5,29.4,NaturallyAspirated,5,1,0,TwoWheelDriveRear,2,2,SpecialPurposeVehicleSUV2WD,0,0
3.5,6,A6,34.2,NaturallyAspirated,6,1,1,TwoWheelDriveFront,2,2,SpecialPurposeVehicleSUV2WD,0,0
2.5,4,A6,39.2,NaturallyAspirated,6,1,0,TwoWheelDriveFront,2,2,SpecialPurposeVehicleSUV2WD,1,0
2.5,4,M5,38.6,NaturallyAspirated,5,0,0,TwoWheelDriveFront,2,2,SpecialPurposeVehicleSUV2WD,1,0
3.0,6,A6,34.8,NaturallyAspirated,6,1,0,TwoWheelDriveFront,2,2,SpecialPurposeVehicleSUV2WD,1,0
2.5,4,AV,42.9,NaturallyAspirated,1,0,0,TwoWheelDriveFront,2,2,SpecialPurposeVehicleSUV2WD,1,0
5.4,8,A6,27.0,NaturallyAspirated,6,1,0,TwoWheelDriveRear,2,1,SpecialPurposeVehicleSUV2WD,0,0
4.0,6,A5,27.8,NaturallyAspirated,5,1,1,TwoWheelDriveRear,1,1,SpecialPurposeVehicleSUV2WD,0,0
4.6,8,A6,29.0,NaturallyAspirated,6,1,1,TwoWheelDriveRear,2,1,SpecialPurposeVehicleSUV2WD,0,0
3.5,6,A6,34.2,NaturallyAspirated,6,1,1,TwoWheelDriveFront,2,2,SpecialPurposeVehicleSUV2WD,0,0
3.6,6,A6,33.0,NaturallyAspirated,6,1,0,TwoWheelDriveFront,2,2,SpecialPurposeVehicleSUV2WD,1,0
5.3,8,A6,28.9935,NaturallyAspirated,6,1,0,TwoWheelDriveRear,1,1,SpecialPurposeVehicleSUV2WD,1,0
6.2,8,A6,28.4,NaturallyAspirated,6,1,0,TwoWheelDriveRear,1,1,SpecialPurposeVehicleSUV2WD,1,0
6.0,8,AV,30.5,NaturallyAspirated,1,0,0,TwoWheelDriveRear,1,1,SpecialPurposeVehicleSUV2WD,1,0
5.3,8,A6,28.9935,NaturallyAspirated,6,1,0,TwoWheelDriveRear,1,1,SpecialPurposeVehicleSUV2WD,1,0
6.2,8,A6,28.4,NaturallyAspirated,6,1,0,TwoWheelDriveRear,1,1,SpecialPurposeVehicleSUV2WD,1,0
6.2,8,A6,26.0,NaturallyAspirated,6,1,0,TwoWheelDriveRear,1,1,SpecialPurposeVehicleSUV2WD,1,0
2.4,4,A6,45.1,NaturallyAspirated,6,1,0,TwoWheelDriveFront,2,2,SpecialPurposeVehicleSUV2WD,1,0
3.0,6,A6,34.5482,NaturallyAspirated,6,1,0,TwoWheelDriveFront,2,2,SpecialPurposeVehicleSUV2WD,1,0
3.5,6,A5,38.3,NaturallyAspirated,5,1,0,TwoWheelDriveFront,2,2,SpecialPurposeVehicleSUV2WD,1,1
2.4,4,A5,39.2,NaturallyAspirated,5,1,0,TwoWheelDriveFront,2,2,SpecialPurposeVehicleSUV2WD,1,1
2.4,4,A5,34.3,NaturallyAspirated,5,1,0,TwoWheelDriveFront,2,2,SpecialPurposeVehicleSUV2WD,1,1
2.4,4,M5,31.9,NaturallyAspirated,5,0,0,TwoWheelDriveFront,2,2,SpecialPurposeVehicleSUV2WD,1,1
3.5,6,A5,31.9475,NaturallyAspirated,5,1,0,TwoWheelDriveFront,2,2,SpecialPurposeVehicleSUV2WD,1,1
2.4,4,A6,38.6,NaturallyAspirated,6,1,0,TwoWheelDriveFront,2,2,SpecialPurposeVehicleSUV2WD,1,0
2.4,4,M6,36.7,NaturallyAspirated,6,0,0,TwoWheelDriveFront,2,2,SpecialPurposeVehicleSUV2WD,1,0
3.5,6,A6,36.4,NaturallyAspirated,6,1,0,TwoWheelDriveFront,2,2,SpecialPurposeVehicleSUV2WD,1,0
2.4,4,M6,41.6,NaturallyAspirated,6,0,0,TwoWheelDriveFront,2,2,SpecialPurposeVehicleSUV2WD,1,0
2.4,4,A6,43.2286,NaturallyAspirated,6,1,0,TwoWheelDriveFront,2,2,SpecialPurposeVehicleSUV2WD,1,0
3.8,6,A6,32.5,NaturallyAspirated,6,1,0,TwoWheelDriveFront,2,2,SpecialPurposeVehicleSUV2WD,1,0
3.5,6,S7,31.4961,NaturallyAspirated,7,1,0,TwoWheelDriveRear,2,2,SpecialPurposeVehicleSUV2WD,1,0
5.6,8,A5,24.2,NaturallyAspirated,5,1,0,TwoWheelDriveRear,2,2,SpecialPurposeVehicleSUV2WD,1,0
3.7,6,A5,27.2,NaturallyAspirated,5,1,0,TwoWheelDriveRear,1,1,SpecialPurposeVehicleSUV2WD,0,0
5.7,8,A5,27.1,NaturallyAspirated,5,1,0,TwoWheelDriveRear,1,1,SpecialPurposeVehicleSUV2WD,1,0
2.0,4,M5,40.2397,NaturallyAspirated,5,0,0,TwoWheelDriveFront,2,2,SpecialPurposeVehicleSUV2WD,1,0
2.0,4,AV,38.0,NaturallyAspirated,1,1,0,TwoWheelDriveFront,2,2,SpecialPurposeVehicleSUV2WD,1,0
2.4,4,M5,39.2,NaturallyAspirated,5,0,0,TwoWheelDriveFront,2,2,SpecialPurposeVehicleSUV2WD,1,0
2.4,4,AV,34.7,NaturallyAspirated,1,1,0,TwoWheelDriveFront,2,2,SpecialPurposeVehicleSUV2WD,1,0
3.7,6,A5,28.8,NaturallyAspirated,5,1,0,TwoWheelDriveRear,1,1,SpecialPurposeVehicleSUV2WD,0,0
5.7,8,A5,27.1,NaturallyAspirated,5,1,0,TwoWheelDriveRear,1,1,SpecialPurposeVehicleSUV2WD,1,0
3.7,6,A4,30.5,NaturallyAspirated,4,1,0,TwoWheelDriveRear,1,1,SpecialPurposeVehicleSUV2WD,0,0
2.0,4,M5,40.2397,NaturallyAspirated,5,0,0,TwoWheelDriveFront,2,2,SpecialPurposeVehicleSUV2WD,1,0
2.0,4,AV,38.0,NaturallyAspirated,1,1,0,TwoWheelDriveFront,2,2,SpecialPurposeVehicleSUV2WD,1,0
2.4,4,M5,39.2,NaturallyAspirated,5,0,0,TwoWheelDriveFront,2,2,SpecialPurposeVehicleSUV2WD,1,0
2.4,4,AV,34.7,NaturallyAspirated,1,1,0,TwoWheelDriveFront,2,2,SpecialPurposeVehicleSUV2WD,1,0
3.8,6,A4,28.2,NaturallyAspirated,4,1,0,TwoWheelDriveRear,1,1,SpecialPurposeVehicleSUV2WD,0,0
3.8,6,A5,29.5,NaturallyAspirated,5,1,0,TwoWheelDriveRear,2,2,SpecialPurposeVehicleSUV2WD,1,0
4.6,8,A6,29.9,NaturallyAspirated,6,1,0,TwoWheelDriveRear,2,2,SpecialPurposeVehicleSUV2WD,1,0
2.0,4,A4,34.5,NaturallyAspirated,4,1,0,TwoWheelDriveFront,2,2,SpecialPurposeVehicleSUV2WD,1,0
2.0,4,M5,35.3,NaturallyAspirated,5,0,0,TwoWheelDriveFront,2,2,SpecialPurposeVehicleSUV2WD,1,0
2.7,6,A4,32.7,NaturallyAspirated,4,1,0,TwoWheelDriveFront,2,2,SpecialPurposeVehicleSUV2WD,0,0
3.5,6,S6,34.5,NaturallyAspirated,6,1,0,TwoWheelDriveFront,2,2,SpecialPurposeVehicleSUV2WD,1,0
3.5,6,AVS6,39.0959,NaturallyAspirated,1,0,0,TwoWheelDriveFront,2,2,SpecialPurposeVehicleSUV2WD,1,0
3.5,6,S6,32.2,NaturallyAspirated,6,1,1,TwoWheelDriveFront,2,2,SpecialPurposeVehicleSUV2WD,1,0
3.5,6,A6,34.2,NaturallyAspirated,6,1,1,TwoWheelDriveFront,2,2,SpecialPurposeVehicleSUV2WD,0,0
5.4,8,A6,27.0,NaturallyAspirated,6,1,0,TwoWheelDriveRear,2,1,SpecialPurposeVehicleSUV2WD,0,0
2.3,4,S6,34.7,Turbocharged,6,1,0,TwoWheelDriveFront,2,2,SpecialPurposeVehicleSUV2WD,1,0
2.5,4,S5,38.6,NaturallyAspirated,5,1,0,TwoWheelDriveFront,2,2,SpecialPurposeVehicleSUV2WD,1,0
3.7,6,S6,30.5,NaturallyAspirated,6,1,0,TwoWheelDriveFront,2,2,SpecialPurposeVehicleSUV2WD,1,0
2.5,4,M5,38.6,NaturallyAspirated,5,0,0,TwoWheelDriveFront,2,2,SpecialPurposeVehicleSUV2WD,1,0
2.5,4,A6,39.2,NaturallyAspirated,6,1,0,TwoWheelDriveFront,2,2,SpecialPurposeVehicleSUV2WD,1,0
3.0,6,A6,34.8,NaturallyAspirated,6,1,0,TwoWheelDriveFront,2,2,SpecialPurposeVehicleSUV2WD,1,0
2.5,4,AV,42.9,NaturallyAspirated,1,0,0,TwoWheelDriveFront,2,2,SpecialPurposeVehicleSUV2WD,1,0
3.5,6,A7,30.6,NaturallyAspirated,7,1,0,TwoWheelDriveRear,2,2,SpecialPurposeVehicleSUV2WD,1,0
3.5,6,A7,28.7,NaturallyAspirated,7,1,0,TwoWheelDriveRear,2,2,SpecialPurposeVehicleSUV2WD,1,0
2.5,4,A6,39.2,NaturallyAspirated,6,1,0,TwoWheelDriveFront,2,2,SpecialPurposeVehicleSUV2WD,1,0
3.0,6,A6,34.8,NaturallyAspirated,6,1,1,TwoWheelDriveFront,2,2,SpecialPurposeVehicleSUV2WD,1,0
2.5,4,AV,42.9,NaturallyAspirated,1,0,0,TwoWheelDriveFront,2,2,SpecialPurposeVehicleSUV2WD,1,0
4.0,6,A5,27.8,NaturallyAspirated,5,1,1,TwoWheelDriveRear,1,1,SpecialPurposeVehicleSUV2WD,0,0
4.6,8,A6,29.0,NaturallyAspirated,6,1,1,TwoWheelDriveRear,2,1,SpecialPurposeVehicleSUV2WD,0,0
2.4,4,AVS6,37.9764,NaturallyAspirated,1,0,0,TwoWheelDriveFront,2,2,SpecialPurposeVehicleSUV2WD,1,0
3.0,6,S6,35.2887,NaturallyAspirated,6,1,0,TwoWheelDriveFront,2,2,SpecialPurposeVehicleSUV2WD,0,1
3.8,6,S4,29.8099,NaturallyAspirated,4,1,0,TwoWheelDriveFront,2,2,SpecialPurposeVehicleSUV2WD,0,1
5.6,8,A5,24.9477,NaturallyAspirated,5,1,0,TwoWheelDriveRear,2,2,SpecialPurposeVehicleSUV2WD,1,0
5.6,8,A5,25.1952,NaturallyAspirated,5,1,0,TwoWheelDriveRear,2,2,SpecialPurposeVehicleSUV2WD,1,0
3.5,6,AV,32.4076,NaturallyAspirated,1,1,0,TwoWheelDriveFront,2,2,SpecialPurposeVehicleSUV2WD,1,0
4.0,6,S5,29.9,NaturallyAspirated,5,1,0,TwoWheelDriveRear,2,2,SpecialPurposeVehicleSUV2WD,1,0
4.0,6,A5,30.9375,NaturallyAspirated,5,1,0,TwoWheelDriveRear,2,2,SpecialPurposeVehicleSUV2WD,1,0
2.5,4,AV,38.0299,NaturallyAspirated,1,1,0,TwoWheelDriveFront,2,2,SpecialPurposeVehicleSUV2WD,1,0
4.0,6,M6,28.0488,NaturallyAspirated,6,0,0,TwoWheelDriveRear,2,2,SpecialPurposeVehicleSUV2WD,1,0
4.0,6,A5,28.6549,NaturallyAspirated,5,1,0,TwoWheelDriveRear,2,2,SpecialPurposeVehicleSUV2WD,1,0
3.6,6,A6,33.0,NaturallyAspirated,6,1,0,TwoWheelDriveFront,2,2,SpecialPurposeVehicleSUV2WD,1,0
2.4,4,A4,37.0,NaturallyAspirated,4,1,0,TwoWheelDriveFront,2,2,SpecialPurposeVehicleSUV2WD,1,0
3.6,6,A6,33.0,NaturallyAspirated,6,1,0,TwoWheelDriveFront,2,2,SpecialPurposeVehicleSUV2WD,1,0
3.6,6,S6,33.2,NaturallyAspirated,6,1,0,TwoWheelDriveFront,2,2,SpecialPurposeVehicleSUV2WD,1,0
2.4,4,A4,45.3,NaturallyAspirated,4,1,0,TwoWheelDriveFront,2,2,SpecialPurposeVehicleSUV2WD,1,0
2.4,4,M5,35.8103,NaturallyAspirated,5,0,0,TwoWheelDriveRear,2,2,SpecialPurposeVehicleSUV2WD,1,0
2.4,4,A4,34.2831,NaturallyAspirated,4,1,0,TwoWheelDriveRear,2,2,SpecialPurposeVehicleSUV2WD,1,0
3.2,6,A5,33.7628,NaturallyAspirated,5,1,0,TwoWheelDriveRear,2,2,SpecialPurposeVehicleSUV2WD,1,0
2.7,4,A4,31.7,NaturallyAspirated,4,1,0,TwoWheelDriveRear,2,2,SpecialPurposeVehicleSUV2WD,1,0
4.0,6,S5,31.4,NaturallyAspirated,5,1,0,TwoWheelDriveRear,2,2,SpecialPurposeVehicleSUV2WD,1,0
4.0,6,A5,30.2,NaturallyAspirated,5,1,0,TwoWheelDriveRear,2,2,SpecialPurposeVehicleSUV2WD,1,0
2.7,4,S6,37.8,NaturallyAspirated,6,1,0,TwoWheelDriveFront,2,2,SpecialPurposeVehicleSUV2WD,1,0
3.5,6,S5,33.1,NaturallyAspirated,5,1,0,TwoWheelDriveFront,2,2,SpecialPurposeVehicleSUV2WD,1,0
2.5,4,A4,39.7,NaturallyAspirated,4,1,0,TwoWheelDriveFront,2,2,SpecialPurposeVehicleSUV2WD,1,0
3.5,6,A5,37.3499,NaturallyAspirated,5,1,0,TwoWheelDriveFront,2,2,SpecialPurposeVehicleSUV2WD,1,0
4.6,8,S6,26.5484,NaturallyAspirated,6,1,0,TwoWheelDriveRear,2,2,SpecialPurposeVehicleSUV2WD,1,0
5.7,8,S6,25.6179,NaturallyAspirated,6,1,0,TwoWheelDriveRear,2,2,SpecialPurposeVehicleSUV2WD,1,0
2.7,4,S6,40.6,NaturallyAspirated,6,1,0,TwoWheelDriveFront,2,2,SpecialPurposeVehicleSUV2WD,1,0
3.5,6,S6,36.6,NaturallyAspirated,6,1,0,TwoWheelDriveFront,2,2,SpecialPurposeVehicleSUV2WD,1,0
2.0,4,S6,34.1,Turbocharged,6,0,0,TwoWheelDriveFront,2,2,SpecialPurposeVehicleSUV2WD,1,0
2.0,4,M6,36.2,Turbocharged,6,0,0,TwoWheelDriveFront,2,2,SpecialPurposeVehicleSUV2WD,1,0
3.2,6,S6,36.4,NaturallyAspirated,6,1,0,TwoWheelDriveFront,2,2,SpecialPurposeVehicleSUV2WD,1,0
3.2,6,S6,29.7,NaturallyAspirated,6,1,0,TwoWheelDriveFront,2,2,SpecialPurposeVehicleSUV2WD,1,0
3.5,6,S6,28.7,NaturallyAspirated,6,1,0,AllWheelDrive,2,2,SpecialPurposeVehicleSUV4WD,1,1
2.3,4,S5,31.9,Turbocharged,5,1,0,AllWheelDrive,2,2,SpecialPurposeVehicleSUV4WD,1,1
3.7,6,S6,31.6,NaturallyAspirated,6,1,0,AllWheelDrive,2,2,SpecialPurposeVehicleSUV4WD,1,1
3.2,6,S6,30.7,NaturallyAspirated,6,0,0,AllWheelDrive,2,2,SpecialPurposeVehicleSUV4WD,1,1
3.0,6,S6,33.2,Turbocharged,6,0,0,AllWheelDrive,2,2,SpecialPurposeVehicleSUV4WD,0,0
3.6,6,S6,26.1066,NaturallyAspirated,6,0,0,AllWheelDrive,2,2,SpecialPurposeVehicleSUV4WD,1,0
4.2,8,S6,24.6,NaturallyAspirated,6,1,0,AllWheelDrive,2,2,SpecialPurposeVehicleSUV4WD,1,0
4.4,8,S7,26.6,Turbocharged,7,1,0,AllWheelDrive,2,2,SpecialPurposeVehicleSUV4WD,1,0
3.0,6,S6,33.0,NaturallyAspirated,6,1,0,AllWheelDrive,2,2,SpecialPurposeVehicleSUV4WD,1,1
3.0,6,M6,33.6,NaturallyAspirated,6,0,0,AllWheelDrive,2,2,SpecialPurposeVehicleSUV4WD,1,1
3.0,6,S6,29.6,NaturallyAspirated,6,1,0,AllWheelDrive,2,2,SpecialPurposeVehicleSUV4WD,1,1
3.0,6,S6,36.559,Turbocharged,6,1,0,AllWheelDrive,2,2,SpecialPurposeVehicleSUV4WD,0,0
4.8,8,S6,26.7946,NaturallyAspirated,6,1,0,AllWheelDrive,2,2,SpecialPurposeVehicleSUV4WD,1,1
4.4,8,S6,23.1521,Turbocharged,6,1,0,AllWheelDrive,2,2,SpecialPurposeVehicleSUV4WD,1,0
3.0,6,S6,29.5,Turbocharged,6,1,0,AllWheelDrive,2,2,SpecialPurposeVehicleSUV4WD,1,0
4.4,8,S6,24.9,Turbocharged,6,1,0,AllWheelDrive,2,2,SpecialPurposeVehicleSUV4WD,1,0
4.4,8,S6,23.1521,Turbocharged,6,1,0,AllWheelDrive,2,2,SpecialPurposeVehicleSUV4WD,1,0
3.6,6,A6,30.9,NaturallyAspirated,6,1,0,FourWheelDrive,2,2,SpecialPurposeVehicleSUV4WD,1,0
6.2,8,A6,27.4,NaturallyAspirated,6,1,0,AllWheelDrive,1,1,SpecialPurposeVehicleSUV4WD,1,0
2.8,6,S6,30.2993,Turbocharged,6,1,0,AllWheelDrive,2,2,SpecialPurposeVehicleSUV4WD,1,0
3.0,6,S6,31.3,NaturallyAspirated,6,1,0,AllWheelDrive,2,2,SpecialPurposeVehicleSUV4WD,1,0
2.4,4,A6,40.3,NaturallyAspirated,6,1,0,AllWheelDrive,2,2,SpecialPurposeVehicleSUV4WD,1,0
3.0,6,A6,33.1,NaturallyAspirated,6,1,0,AllWheelDrive,2,2,SpecialPurposeVehicleSUV4WD,1,0
5.3,8,A6,29.0,NaturallyAspirated,6,1,0,FourWheelDrive,1,1,SpecialPurposeVehicleSUV4WD,1,0
6.0,8,AV,30.2999,NaturallyAspirated,1,0,0,FourWheelDrive,1,1,SpecialPurposeVehicleSUV4WD,1,0
3.6,6,A6,31.6,NaturallyAspirated,6,1,0,AllWheelDrive,2,2,SpecialPurposeVehicleSUV4WD,1,0
3.5,6,A6,31.9,NaturallyAspirated,6,1,0,AllWheelDrive,2,2,SpecialPurposeVehicleSUV4WD,0,0
3.7,6,A4,28.5,NaturallyAspirated,4,1,0,FourWheelDrive,1,1,SpecialPurposeVehicleSUV4WD,0,0
4.0,6,A5,28.4,NaturallyAspirated,5,1,0,FourWheelDrive,2,2,SpecialPurposeVehicleSUV4WD,0,0
3.5,6,A6,31.4,NaturallyAspirated,6,1,1,AllWheelDrive,2,2,SpecialPurposeVehicleSUV4WD,0,0
2.5,4,A6,36.0307,NaturallyAspirated,6,1,0,FourWheelDrive,2,2,SpecialPurposeVehicleSUV4WD,1,0
3.0,6,A6,31.3917,NaturallyAspirated,6,1,0,FourWheelDrive,2,2,SpecialPurposeVehicleSUV4WD,1,0
2.5,4,AV,37.9,NaturallyAspirated,1,0,0,FourWheelDrive,2,2,SpecialPurposeVehicleSUV4WD,1,0
5.4,8,A6,23.8983,NaturallyAspirated,6,1,1,FourWheelDrive,2,1,SpecialPurposeVehicleSUV4WD,0,0
4.0,6,A5,25.7535,NaturallyAspirated,5,1,1,FourWheelDrive,1,1,SpecialPurposeVehicleSUV4WD,0,0
4.6,8,A6,26.6622,NaturallyAspirated,6,1,1,FourWheelDrive,2,1,SpecialPurposeVehicleSUV4WD,0,0
3.5,6,A6,30.3805,NaturallyAspirated,6,1,1,AllWheelDrive,2,2,SpecialPurposeVehicleSUV4WD,0,0
3.5,6,S6,30.2,Turbocharged,6,1,1,FourWheelDrive,2,2,SpecialPurposeVehicleSUV4WD,1,0
3.6,6,A6,31.6,NaturallyAspirated,6,1,0,AllWheelDrive,2,2,SpecialPurposeVehicleSUV4WD,1,0
5.3,8,A6,29.0,NaturallyAspirated,6,1,0,FourWheelDrive,1,1,SpecialPurposeVehicleSUV4WD,1,0
6.0,8,AV,30.2999,NaturallyAspirated,1,0,0,FourWheelDrive,1,1,SpecialPurposeVehicleSUV4WD,1,0
6.2,8,A6,27.4,NaturallyAspirated,6,1,0,AllWheelDrive,1,1,SpecialPurposeVehicleSUV4WD,1,0
2.4,4,A6,40.3,NaturallyAspirated,6,1,0,AllWheelDrive,2,2,SpecialPurposeVehicleSUV4WD,1,0
3.0,6,A6,33.1,NaturallyAspirated,6,1,0,AllWheelDrive,2,2,SpecialPurposeVehicleSUV4WD,1,0
3.5,6,A5,34.6,NaturallyAspirated,5,1,0,AllWheelDrive,2,2,SpecialPurposeVehicleSUV4WD,1,1
2.4,4,A5,37.7098,NaturallyAspirated,5,1,0,AllWheelDrive,2,2,SpecialPurposeVehicleSUV4WD,1,1
2.4,4,M5,31.3,NaturallyAspirated,5,0,0,AllWheelDrive,2,2,SpecialPurposeVehicleSUV4WD,1,1
2.4,4,A5,33.5,NaturallyAspirated,5,1,0,AllWheelDrive,2,2,SpecialPurposeVehicleSUV4WD,1,1
3.5,6,A5,30.5,NaturallyAspirated,5,1,0,AllWheelDrive,2,2,SpecialPurposeVehicleSUV4WD,1,1
3.7,5,M5,25.2,NaturallyAspirated,5,0,0,FourWheelDrive,2,2,SpecialPurposeVehicleSUV4WD,0,0
3.7,5,A4,25.1,NaturallyAspirated,4,1,0,FourWheelDrive,2,2,SpecialPurposeVehicleSUV4WD,0,0
5.3,8,A4,22.2999,NaturallyAspirated,4,1,0,FourWheelDrive,1,1,SpecialPurposeVehicleSUV4WD,1,0
2.4,4,A6,37.6,NaturallyAspirated,6,1,0,FourWheelDrive,2,2,SpecialPurposeVehicleSUV4WD,1,0
3.5,6,A6,36.0,NaturallyAspirated,6,1,0,FourWheelDrive,2,2,SpecialPurposeVehicleSUV4WD,1,0
2.4,4,A6,39.2041,NaturallyAspirated,6,1,0,FourWheelDrive,2,2,SpecialPurposeVehicleSUV4WD,1,0
2.4,4,M6,38.6,NaturallyAspirated,6,0,0,FourWheelDrive,2,2,SpecialPurposeVehicleSUV4WD,1,0
3.8,6,A6,31.1,NaturallyAspirated,6,1,0,FourWheelDrive,2,2,SpecialPurposeVehicleSUV4WD,1,0
3.5,6,S7,29.7734,NaturallyAspirated,7,1,0,AllWheelDrive,2,2,SpecialPurposeVehicleSUV4WD,1,0
5.0,8,S7,27.2511,NaturallyAspirated,7,1,0,AllWheelDrive,2,2,SpecialPurposeVehicleSUV4WD,1,1
5.6,8,A5,23.6,NaturallyAspirated,5,1,0,FourWheelDrive,2,2,SpecialPurposeVehicleSUV4WD,1,0
3.7,6,A5,26.6,NaturallyAspirated,5,1,0,FourWheelDrive,1,1,SpecialPurposeVehicleSUV4WD,0,0
5.7,8,A5,26.0,NaturallyAspirated,5,1,0,FourWheelDrive,1,1,SpecialPurposeVehicleSUV4WD,1,0
2.4,4,M5,38.6,NaturallyAspirated,5,0,0,FourWheelDrive,2,2,SpecialPurposeVehicleSUV4WD,1,0
2.4,4,AV,33.6,NaturallyAspirated,1,1,0,FourWheelDrive,2,2,SpecialPurposeVehicleSUV4WD,1,0
3.7,6,A5,27.5,NaturallyAspirated,5,1,0,FourWheelDrive,1,1,SpecialPurposeVehicleSUV4WD,0,0
5.7,8,A5,26.0,NaturallyAspirated,5,1,0,FourWheelDrive,1,1,SpecialPurposeVehicleSUV4WD,1,0
6.1,8,A5,20.9,NaturallyAspirated,5,1,0,FourWheelDrive,1,1,SpecialPurposeVehicleSUV4WD,0,0
3.7,6,A4,28.5,NaturallyAspirated,4,1,0,FourWheelDrive,1,1,SpecialPurposeVehicleSUV4WD,0,0
2.4,4,M5,38.6,NaturallyAspirated,5,0,0,FourWheelDrive,2,2,SpecialPurposeVehicleSUV4WD,1,0
2.4,4,AV,33.6,NaturallyAspirated,1,1,0,FourWheelDrive,2,2,SpecialPurposeVehicleSUV4WD,1,0
2.4,4,AV,33.6,NaturallyAspirated,1,1,0,FourWheelDrive,2,2,SpecialPurposeVehicleSUV4WD,1,0
3.8,6,M6,26.163,NaturallyAspirated,6,1,0,FourWheelDrive,1,1,SpecialPurposeVehicleSUV4WD,0,0
3.8,6,A4,26.5632,NaturallyAspirated,4,1,0,FourWheelDrive,1,1,SpecialPurposeVehicleSUV4WD,0,0
3.8,6,A5,29.2986,NaturallyAspirated,5,1,0,FourWheelDrive,2,2,SpecialPurposeVehicleSUV4WD,1,0
4.6,8,A6,28.4,NaturallyAspirated,6,1,0,FourWheelDrive,2,2,SpecialPurposeVehicleSUV4WD,1,0
2.0,4,M5,33.4,NaturallyAspirated,5,0,0,FourWheelDrive,2,2,SpecialPurposeVehicleSUV4WD,1,0
2.7,6,A4,31.3,NaturallyAspirated,4,1,0,FourWheelDrive,2,2,SpecialPurposeVehicleSUV4WD,0,0
3.2,6,S6,30.346999999999998,NaturallyAspirated,6,1,0,FourWheelDrive,2,2,SpecialPurposeVehicleSUV4WD,1,1
5.0,8,S6,23.8204,NaturallyAspirated,6,1,0,FourWheelDrive,2,2,SpecialPurposeVehicleSUV4WD,1,1
5.0,8,S6,24.5722,Supercharged,6,1,0,FourWheelDrive,2,2,SpecialPurposeVehicleSUV4WD,1,0
5.0,8,S6,25.5082,NaturallyAspirated,6,1,0,FourWheelDrive,2,2,SpecialPurposeVehicleSUV4WD,1,1
5.0,8,S6,23.5743,Supercharged,6,1,0,FourWheelDrive,2,2,SpecialPurposeVehicleSUV4WD,1,0
5.0,8,S6,24.7928,NaturallyAspirated,6,1,0,FourWheelDrive,2,2,SpecialPurposeVehicleSUV4WD,1,1
4.6,8,S6,28.3,NaturallyAspirated,6,1,0,FourWheelDrive,2,2,SpecialPurposeVehicleSUV4WD,1,0
5.7,8,S6,24.1491,NaturallyAspirated,6,1,0,FourWheelDrive,2,2,SpecialPurposeVehicleSUV4WD,1,0
3.5,6,S6,33.7937,NaturallyAspirated,6,1,0,AllWheelDrive,2,2,SpecialPurposeVehicleSUV4WD,1,0
3.5,6,AVS6,38.7193,NaturallyAspirated,1,0,0,AllWheelDrive,2,2,SpecialPurposeVehicleSUV4WD,1,0
3.5,6,S6,29.9849,NaturallyAspirated,6,1,1,FourWheelDrive,2,2,SpecialPurposeVehicleSUV4WD,1,0
3.5,6,S6,30.2,Turbocharged,6,1,1,FourWheelDrive,2,2,SpecialPurposeVehicleSUV4WD,1,0
3.5,6,A6,31.4,NaturallyAspirated,6,1,1,AllWheelDrive,2,2,SpecialPurposeVehicleSUV4WD,0,0
2.3,4,S6,31.7,Turbocharged,6,1,0,FourWheelDrive,2,2,SpecialPurposeVehicleSUV4WD,1,0
3.7,6,S6,28.7,NaturallyAspirated,6,1,0,FourWheelDrive,2,2,SpecialPurposeVehicleSUV4WD,1,0
2.5,4,A6,37.0,NaturallyAspirated,6,1,0,FourWheelDrive,2,2,SpecialPurposeVehicleSUV4WD,1,0
3.0,6,A6,32.1,NaturallyAspirated,6,1,0,FourWheelDrive,2,2,SpecialPurposeVehicleSUV4WD,1,0
2.5,4,AV,37.9,NaturallyAspirated,1,0,0,FourWheelDrive,2,2,SpecialPurposeVehicleSUV4WD,1,0
5.4,8,A5,20.7,Supercharged,5,1,0,FourWheelDrive,2,1,SpecialPurposeVehicleSUV4WD,1,0
5.5,8,A7,20.1,NaturallyAspirated,7,1,0,FourWheelDrive,2,2,SpecialPurposeVehicleSUV4WD,1,0
3.0,6,A7,31.5,Turbocharged,7,1,0,FourWheelDrive,2,2,SpecialPurposeVehicleSUV4WD,1,0
4.7,8,A7,23.8,NaturallyAspirated,7,1,0,FourWheelDrive,2,2,SpecialPurposeVehicleSUV4WD,1,0
5.5,8,A7,23.2,NaturallyAspirated,7,1,0,FourWheelDrive,2,2,SpecialPurposeVehicleSUV4WD,1,0
3.5,6,A7,28.6683,NaturallyAspirated,7,1,0,FourWheelDrive,2,2,SpecialPurposeVehicleSUV4WD,1,0
3.5,6,A7,27.3,NaturallyAspirated,7,1,0,FourWheelDrive,2,2,SpecialPurposeVehicleSUV4WD,1,0
3.0,6,A7,34.4,Turbocharged,7,1,0,FourWheelDrive,2,2,SpecialPurposeVehicleSUV4WD,1,0
5.5,8,A7,24.6,NaturallyAspirated,7,1,0,FourWheelDrive,2,2,SpecialPurposeVehicleSUV4WD,1,0
6.3,8,A7,19.7,NaturallyAspirated,7,1,0,FourWheelDrive,2,2,SpecialPurposeVehicleSUV4WD,1,0
3.5,6,AV,33.7,NaturallyAspirated,8,0,0,FourWheelDrive,2,2,SpecialPurposeVehicleSUV4WD,1,0
3.5,6,A7,25.8,NaturallyAspirated,7,1,0,FourWheelDrive,2,2,SpecialPurposeVehicleSUV4WD,1,0
3.0,6,A7,33.3,Turbocharged,7,1,0,FourWheelDrive,2,2,SpecialPurposeVehicleSUV4WD,1,0
2.5,4,A6,36.0307,NaturallyAspirated,6,1,0,FourWheelDrive,2,2,SpecialPurposeVehicleSUV4WD,1,0
3.0,6,A6,31.3917,NaturallyAspirated,6,1,0,FourWheelDrive,2,2,SpecialPurposeVehicleSUV4WD,1,0
2.5,4,AV,37.9,NaturallyAspirated,1,0,0,FourWheelDrive,2,2,SpecialPurposeVehicleSUV4WD,1,0
4.0,6,A5,25.7535,NaturallyAspirated,5,1,1,FourWheelDrive,1,1,SpecialPurposeVehicleSUV4WD,0,0
4.6,8,A6,26.6622,NaturallyAspirated,6,1,1,FourWheelDrive,2,1,SpecialPurposeVehicleSUV4WD,0,0
2.4,4,AVS6,35.2418,NaturallyAspirated,1,0,0,FourWheelDrive,2,2,SpecialPurposeVehicleSUV4WD,1,0
3.0,6,S6,32.9548,NaturallyAspirated,6,1,0,FourWheelDrive,2,2,SpecialPurposeVehicleSUV4WD,0,1
3.8,6,S4,26.9,NaturallyAspirated,4,1,0,AllWheelDrive,2,2,SpecialPurposeVehicleSUV4WD,0,1
5.6,8,A5,24.1924,NaturallyAspirated,5,1,0,FourWheelDrive,2,2,SpecialPurposeVehicleSUV4WD,1,0
5.6,8,A5,24.1491,NaturallyAspirated,5,1,0,FourWheelDrive,2,2,SpecialPurposeVehicleSUV4WD,1,0
3.5,6,AV,31.7082,NaturallyAspirated,1,1,0,AllWheelDrive,2,2,SpecialPurposeVehicleSUV4WD,1,0
4.0,6,A5,27.234,NaturallyAspirated,5,1,0,FourWheelDrive,2,2,SpecialPurposeVehicleSUV4WD,1,0
5.6,8,S5,24.2996,NaturallyAspirated,5,1,0,FourWheelDrive,2,2,SpecialPurposeVehicleSUV4WD,1,0
2.5,4,AV,35.8606,NaturallyAspirated,1,1,0,AllWheelDrive,2,2,SpecialPurposeVehicleSUV4WD,1,0
4.0,6,M6,27.1846,NaturallyAspirated,6,0,0,FourWheelDrive,2,2,SpecialPurposeVehicleSUV4WD,1,0
4.0,6,A5,27.5665,NaturallyAspirated,5,1,0,FourWheelDrive,2,2,SpecialPurposeVehicleSUV4WD,1,0
3.6,6,A6,27.5811,NaturallyAspirated,6,1,0,AllWheelDrive,2,2,SpecialPurposeVehicleSUV4WD,1,1
3.6,6,M6,28.1127,NaturallyAspirated,6,0,0,AllWheelDrive,2,2,SpecialPurposeVehicleSUV4WD,1,1
4.8,8,A6,25.56,NaturallyAspirated,6,1,0,AllWheelDrive,2,2,SpecialPurposeVehicleSUV4WD,1,1
4.8,8,M6,23.578000000000003,NaturallyAspirated,6,0,0,AllWheelDrive,2,2,SpecialPurposeVehicleSUV4WD,1,1
4.8,8,A6,26.388,NaturallyAspirated,6,1,0,AllWheelDrive,2,2,SpecialPurposeVehicleSUV4WD,1,1
4.8,8,M6,23.578000000000003,NaturallyAspirated,6,0,0,AllWheelDrive,2,2,SpecialPurposeVehicleSUV4WD,1,1
4.8,8,A6,25.7761,Turbocharged,6,1,0,AllWheelDrive,2,2,SpecialPurposeVehicleSUV4WD,1,1
4.8,8,A6,25.7761,Turbocharged,6,1,0,AllWheelDrive,2,2,SpecialPurposeVehicleSUV4WD,1,1
4.8,8,A6,25.7761,Turbocharged,6,1,0,AllWheelDrive,2,2,SpecialPurposeVehicleSUV4WD,1,1
3.6,6,A6,31.6,NaturallyAspirated,6,1,0,AllWheelDrive,2,2,SpecialPurposeVehicleSUV4WD,1,0
3.5,6,A6,32.2,NaturallyAspirated,6,1,0,FourWheelDrive,1,1,SpecialPurposeVehicleSUV4WD,1,0
3.6,6,A6,32.1,NaturallyAspirated,6,1,0,FourWheelDrive,2,2,SpecialPurposeVehicleSUV4WD,1,0
3.6,6,S6,32.6,NaturallyAspirated,6,1,0,FourWheelDrive,2,2,SpecialPurposeVehicleSUV4WD,1,0
2.5,4,M5,37.071,NaturallyAspirated,5,0,0,AllWheelDrive,2,2,SpecialPurposeVehicleSUV4WD,0,1
2.5,4,S4,35.9226,NaturallyAspirated,4,1,0,AllWheelDrive,2,2,SpecialPurposeVehicleSUV4WD,0,1
2.5,4,S4,32.9103,Turbocharged,4,1,0,AllWheelDrive,2,2,SpecialPurposeVehicleSUV4WD,1,0
2.5,4,AV,40.0816,NaturallyAspirated,1,1,0,AllWheelDrive,2,2,SpecialPurposeVehicleSUV4WD,0,1
2.5,4,M6,37.0574,NaturallyAspirated,6,0,0,AllWheelDrive,2,2,SpecialPurposeVehicleSUV4WD,0,1
3.6,6,S5,34.2708,NaturallyAspirated,5,1,0,AllWheelDrive,2,2,SpecialPurposeVehicleSUV4WD,0,1
3.6,6,S5,29.5,NaturallyAspirated,5,1,0,AllWheelDrive,2,2,SpecialPurposeVehicleSUV4WD,0,1
2.4,4,M5,34.2513,NaturallyAspirated,5,0,0,FourWheelDrive,2,2,SpecialPurposeVehicleSUV4WD,1,0
2.4,4,A4,32.2765,NaturallyAspirated,4,1,0,FourWheelDrive,2,2,SpecialPurposeVehicleSUV4WD,1,0
3.2,6,A5,32.2747,NaturallyAspirated,5,1,0,FourWheelDrive,2,2,SpecialPurposeVehicleSUV4WD,1,0
4.0,6,S5,30.0,NaturallyAspirated,5,1,0,FourWheelDrive,2,2,SpecialPurposeVehicleSUV4WD,1,0
4.0,6,S5,30.0,NaturallyAspirated,5,1,0,ParttimeFourWheelDrive,2,2,SpecialPurposeVehicleSUV4WD,1,0
4.0,6,A5,28.9182,NaturallyAspirated,5,1,0,ParttimeFourWheelDrive,2,2,SpecialPurposeVehicleSUV4WD,1,0
4.0,6,M6,26.8137,NaturallyAspirated,6,0,0,FourWheelDrive,2,2,SpecialPurposeVehicleSUV4WD,1,0
3.5,6,S5,31.3,NaturallyAspirated,5,1,0,AllWheelDrive,2,2,SpecialPurposeVehicleSUV4WD,1,0
3.3,6,AV,34.9989,NaturallyAspirated,1,0,0,AllWheelDrive,2,2,SpecialPurposeVehicleSUV4WD,1,0
5.7,8,S6,24.7491,NaturallyAspirated,6,1,0,FourWheelDrive,2,2,SpecialPurposeVehicleSUV4WD,1,0
2.5,4,A4,38.3778,NaturallyAspirated,4,1,0,AllWheelDrive,2,2,SpecialPurposeVehicleSUV4WD,1,0
3.5,6,A5,35.7494,NaturallyAspirated,5,1,0,AllWheelDrive,2,2,SpecialPurposeVehicleSUV4WD,1,0
4.6,8,S6,24.8718,NaturallyAspirated,6,1,0,ParttimeFourWheelDrive,2,2,SpecialPurposeVehicleSUV4WD,1,0
5.7,8,S6,24.5,NaturallyAspirated,6,1,0,ParttimeFourWheelDrive,2,2,SpecialPurposeVehicleSUV4WD,1,0
5.7,8,S6,24.2206,NaturallyAspirated,6,1,0,ParttimeFourWheelDrive,2,2,SpecialPurposeVehicleSUV4WD,1,0
2.7,4,S6,38.7,NaturallyAspirated,6,1,0,AllWheelDrive,2,2,SpecialPurposeVehicleSUV4WD,1,0
3.5,6,S6,35.0,NaturallyAspirated,6,1,0,AllWheelDrive,2,2,SpecialPurposeVehicleSUV4WD,1,0
2.0,4,S6,33.3,Turbocharged,6,0,0,AllWheelDrive,2,2,SpecialPurposeVehicleSUV4WD,1,0
3.0,6,S6,34.4,Turbocharged,6,0,0,AllWheelDrive,2,2,SpecialPurposeVehicleSUV4WD,0,0
3.6,6,S6,26.1066,NaturallyAspirated,6,0,0,AllWheelDrive,2,2,SpecialPurposeVehicleSUV4WD,1,0
3.0,6,S6,29.7892,Turbocharged,6,1,0,AllWheelDrive,2,2,SpecialPurposeVehicleSUV4WD,1,0
3.2,6,S6,30.4926,NaturallyAspirated,6,1,0,AllWheelDrive,2,2,SpecialPurposeVehicleSUV4WD,1,0
3.0,6,S6,29.7892,Turbocharged,6,1,0,AllWheelDrive,2,2,SpecialPurposeVehicleSUV4WD,1,0
3.2,6,S6,30.4926,NaturallyAspirated,6,1,0,AllWheelDrive,2,2,SpecialPurposeVehicleSUV4WD,1,0
3.2,6,S6,29.7431,NaturallyAspirated,6,1,0,AllWheelDrive,2,2,SpecialPurposeVehicleSUV4WD,1,0
4.4,8,S6,26.2,NaturallyAspirated,6,1,0,AllWheelDrive,2,2,SpecialPurposeVehicleSUV4WD,1,0
